,words,count,IOS
0,ios,209,17
1,update,143,17
2,iphone,138,17
3,like,132,17
4,battery,114,17
5,phone,111,17
6,pro,107,17
7,new,105,17
8,im,99,17
9,17,99,17
10,16,80,17
11,dont,79,17
12,apple,63,17
13,still,63,17
14,really,61,17
15,cant,60,17
16,max,56,17
17,keyboard,56,17
18,14,55,17
19,13,54,17
20,screen,54,17
21,ive,53,17
22,better,49,17
23,issues,48,17
24,much,46,17
25,also,46,17
26,app,45,17
27,work,45,17
28,use,42,17
29,seems,42,17
30,one,41,17
31,even,41,17
32,far,39,17
33,12,38,17
34,get,38,17
35,know,38,17
36,doesnt,37,17
37,apps,36,17
38,anyone,36,17
39,love,35,17
40,features,35,17
41,life,34,17
42,good,32,17
43,noticed,31,17
44,great,31,17
45,fix,31,17
46,using,30,17
47,since,30,17
48,back,30,17
49,text,30,17
50,time,30,17
51,contact,30,17
52,would,29,17
53,see,29,17
54,people,28,17
55,feels,28,17
56,change,28,17
57,ipad,27,17
58,notification,27,17
59,pretty,27,17
60,thing,26,17
61,havent,26,17
62,yet,25,17
63,15,25,17
64,11,25,17
65,problem,25,17
66,call,25,17
67,getting,24,17
68,way,24,17
69,things,24,17
70,updated,24,17
71,else,24,17
72,working,23,17
73,mode,23,17
74,issue,23,17
75,feature,23,17
76,lot,23,17
77,overall,23,17
78,problems,23,17
79,bugs,22,17
80,make,22,17
81,fixed,22,17
82,standby,22,17
83,updates,22,17
84,anything,22,17
85,go,21,17
86,think,21,17
87,beta,21,17
88,mini,21,17
89,experience,21,17
90,say,21,17
91,siri,21,17
92,2,21,17
93,faster,21,17
94,well,21,17
95,storage,20,17
96,device,20,17
97,photos,20,17
98,able,20,17
99,wait,20,17
100,could,19,17
101,autocorrect,19,17
102,didnt,19,17
103,drain,19,17
104,got,19,17
105,day,19,17
106,gb,18,17
107,want,18,17
108,wont,18,17
109,someone,18,17
110,first,18,17
111,fine,18,17
112,nothing,18,17
113,typing,18,17
114,works,18,17
115,everything,18,17
116,notifications,18,17
117,last,17,17
118,feel,17,17
119,hope,17,17
120,try,17,17
121,smooth,17,17
122,times,17,17
123,settings,17,17
124,bit,17,17
125,thats,17,17
126,music,17,17
127,android,16,17
128,hours,16,17
129,longer,16,17
130,tried,16,17
131,fast,16,17
132,days,16,17
133,imessage,16,17
134,need,16,17
135,lag,16,17
136,performance,16,17
137,hate,16,17
138,rc,15,17
139,ever,15,17
140,without,15,17
141,xr,15,17
142,volume,15,17
143,release,15,17
144,anymore,15,17
145,version,15,17
146,1,15,17
147,tones,15,17
148,multiple,15,17
149,something,15,17
150,messages,15,17
151,sound,15,17
152,bug,15,17
153,snappier,14,17
154,edit,14,17
155,updating,14,17
156,every,14,17
157,upgrade,14,17
158,nice,14,17
159,less,14,17
160,3,14,17
161,lol,14,17
162,changes,14,17
163,button,14,17
164,isnt,14,17
165,annoying,14,17
166,turn,14,17
167,sure,14,17
168,many,14,17
169,though,14,17
170,maybe,14,17
171,made,13,17
172,wifi,13,17
173,changed,13,17
174,safari,13,17
175,photo,13,17
176,camera,13,17
177,little,13,17
178,xs,13,17
179,contacts,13,17
180,calls,13,17
181,install,12,17
182,worse,12,17
183,normal,12,17
184,os,12,17
185,sucks,12,17
186,home,12,17
187,major,12,17
188,never,12,17
189,two,12,17
190,finally,12,17
191,airpods,12,17
192,used,12,17
193,widgets,12,17
194,happy,12,17
195,animations,12,17
196,take,12,17
197,previous,12,17
198,watch,12,17
199,lock,12,17
200,user,12,17
201,custom,12,17
202,posters,12,17
203,difference,12,17
204,10,12,17
205,available,11,17
206,space,11,17
207,power,11,17
208,anywhere,11,17
209,youre,11,17
210,either,11,17
211,type,11,17
212,voice,11,17
213,theres,11,17
214,long,11,17
215,super,11,17
216,installed,11,17
217,full,11,17
218,buggy,11,17
219,stickers,11,17
220,find,11,17
221,took,11,17
222,notice,10,17
223,carplay,10,17
224,different,10,17
225,id,10,17
226,actually,10,17
227,wish,10,17
228,stuff,10,17
229,sounds,10,17
230,list,10,17
231,cool,10,17
232,always,10,17
233,bad,10,17
234,tbh,10,17
235,week,10,17
236,4,10,17
237,going,10,17
238,enough,10,17
239,message,10,17
240,slower,10,17
241,least,10,17
242,completely,10,17
243,old,10,17
244,already,10,17
245,instead,10,17
246,option,10,17
247,hear,10,17
248,reason,10,17
249,waiting,9,17
250,restarted,9,17
251,share,9,17
252,found,9,17
253,software,9,17
254,ill,9,17
255,hey,9,17
256,mine,9,17
257,reddit,9,17
258,video,9,17
259,noticeable,9,17
260,goes,9,17
261,charging,9,17
262,auto,9,17
263,ringtones,9,17
264,wallpaper,9,17
265,sometimes,9,17
266,honestly,9,17
267,help,8,17
268,except,8,17
269,maps,8,17
270,right,8,17
271,please,8,17
272,might,8,17
273,check,8,17
274,iphones,8,17
275,20,8,17
276,definitely,8,17
277,looks,8,17
278,past,8,17
279,us,8,17
280,center,8,17
281,night,8,17
282,stable,8,17
283,year,8,17
284,couple,8,17
285,seem,8,17
286,improved,8,17
287,cannot,8,17
288,mostly,8,17
289,etc,8,17
290,card,8,17
291,upgrading,8,17
292,devices,8,17
293,months,8,17
294,running,8,17
295,ram,8,17
296,runs,8,17
297,point,8,17
298,draining,8,17
299,improvements,8,17
300,page,8,17
301,imo,8,17
302,speed,7,17
303,kinda,7,17
304,animation,7,17
305,7,7,17
306,broken,7,17
307,171,7,17
308,low,7,17
309,thought,7,17
310,seen,7,17
311,released,7,17
312,duck,7,17
313,sticker,7,17
314,facetime,7,17
315,notes,7,17
316,tell,7,17
317,wasnt,7,17
318,today,7,17
319,unfortunately,7,17
320,30,7,17
321,phones,7,17
322,especially,7,17
323,worked,7,17
324,later,7,17
325,ui,7,17
326,show,7,17
327,100,7,17
328,lags,7,17
329,widget,7,17
330,ago,7,17
331,select,7,17
332,showing,7,17
333,automatically,7,17
334,otherwise,7,17
335,comment,7,17
336,ok,7,17
337,making,7,17
338,compared,7,17
339,speaker,7,17
340,add,7,17
341,yesterday,7,17
342,makes,7,17
343,fun,7,17
344,almost,7,17
345,versions,7,17
346,useful,7,17
347,loving,7,17
348,haptic,6,17
349,forward,6,17
350,let,6,17
351,look,6,17
352,email,6,17
353,downloading,6,17
354,slow,6,17
355,bar,6,17
356,enable,6,17
357,wrong,6,17
358,minutes,6,17
359,single,6,17
360,access,6,17
361,hasnt,6,17
362,hard,6,17
363,overheating,6,17
364,shit,6,17
365,sim,6,17
366,number,6,17
367,come,6,17
368,seconds,6,17
369,older,6,17
370,security,6,17
371,mean,6,17
372,live,6,17
373,several,6,17
374,fixes,6,17
375,fact,6,17
376,crazy,6,17
377,se,6,17
378,another,6,17
379,end,6,17
380,literally,6,17
381,health,6,17
382,search,6,17
383,basically,6,17
384,hand,6,17
385,away,6,17
386,seeing,6,17
387,choose,6,17
388,experienced,6,17
389,sharing,6,17
390,airtag,6,17
391,person,6,17
392,1701,6,17
393,texts,6,17
394,snappy,6,17
395,rather,6,17
396,default,6,17
397,correct,6,17
398,youtube,6,17
399,playing,6,17
400,audio,6,17
401,unless,6,17
402,network,6,17
403,background,6,17
404,randomly,6,17
405,yeah,6,17
406,post,6,17
407,care,6,17
408,1703,6,17
409,worst,6,17
410,theyre,6,17
411,bottom,6,17
412,useless,6,17
413,real,6,17
414,timers,6,17
415,disable,6,17
416,reset,6,17
417,smoother,6,17
418,irritating,6,17
419,touch,5,17
420,absolutely,5,17
421,done,5,17
422,looking,5,17
423,earlier,5,17
424,hold,5,17
425,miss,5,17
426,load,5,17
427,picture,5,17
428,needs,5,17
429,overnight,5,17
430,soon,5,17
431,started,5,17
432,anybody,5,17
433,damn,5,17
434,party,5,17
435,predictive,5,17
436,best,5,17
437,face,5,17
438,set,5,17
439,poster,5,17
440,14pm,5,17
441,drains,5,17
442,gonna,5,17
443,felt,5,17
444,years,5,17
445,wallpapers,5,17
446,currently,5,17
447,forgot,5,17
448,tho,5,17
449,free,5,17
450,via,5,17
451,scroll,5,17
452,data,5,17
453,control,5,17
454,suddenly,5,17
455,crashes,5,17
456,probably,5,17
457,differences,5,17
458,whole,5,17
459,plus,5,17
460,170,5,17
461,weird,5,17
462,quickly,5,17
463,everyone,5,17
464,open,5,17
465,due,5,17
466,disappointment,5,17
467,horrible,5,17
468,group,5,17
469,turned,5,17
470,worth,5,17
471,voicemail,5,17
472,remove,5,17
473,none,5,17
474,top,5,17
475,start,5,17
476,lagging,5,17
477,swipe,5,17
478,installing,5,17
479,keeps,5,17
480,frustrating,5,17
481,stand,5,17
482,impressed,5,17
483,signal,5,17
484,run,5,17
485,came,5,17
486,biggest,5,17
487,social,5,17
488,however,5,17
489,design,5,17
490,totally,5,17
491,annoyed,5,17
492,grey,5,17
493,cursor,5,17
494,offline,5,17
495,adding,5,17
496,view,5,17
497,facebook,5,17
498,google,5,17
499,build,4,17
500,adjust,4,17
501,journal,4,17
502,plugged,4,17
503,options,4,17
504,stuck,4,17
505,icon,4,17
506,connect,4,17
507,thanks,4,17
508,guess,4,17
509,laggy,4,17
510,idea,4,17
511,terrible,4,17
512,disappointed,4,17
513,fuck,4,17
514,force,4,17
515,along,4,17
516,gets,4,17
517,seriously,4,17
518,tv,4,17
519,ability,4,17
520,oh,4,17
521,8,4,17
522,prior,4,17
523,whatsapp,4,17
524,glitchy,4,17
525,similar,4,17
526,improvement,4,17
527,167,4,17
528,happen,4,17
529,words,4,17
530,awful,4,17
531,properly,4,17
532,charge,4,17
533,leaving,4,17
534,itunes,4,17
535,likely,4,17
536,month,4,17
537,usually,4,17
538,5,4,17
539,fucking,4,17
540,taking,4,17
541,users,4,17
542,holding,4,17
543,happened,4,17
544,ridiculous,4,17
545,ones,4,17
546,menu,4,17
547,amazing,4,17
548,crashed,4,17
549,together,4,17
550,next,4,17
551,betas,4,17
552,others,4,17
553,allow,4,17
554,albums,4,17
555,texting,4,17
556,half,4,17
557,imessages,4,17
558,yes,4,17
559,hour,4,17
560,album,4,17
561,display,4,17
562,instagram,4,17
563,name,4,17
564,notified,4,17
565,unable,4,17
566,color,4,17
567,says,4,17
568,trying,4,17
569,quality,4,17
570,english,4,17
571,idk,4,17
572,videos,4,17
573,takes,4,17
574,hi,4,17
575,said,4,17
576,address,4,17
577,read,4,17
578,buttons,4,17
579,minute,4,17
580,gray,4,17
581,indexing,4,17
582,opening,4,17
583,interactive,4,17
584,quick,4,17
585,whats,4,17
586,icloud,4,17
587,store,4,17
588,profile,4,17
589,mess,4,17
590,likes,4,17
591,specific,4,17
592,mention,4,17
593,clear,4,17
594,stop,4,17
595,went,4,17
596,morning,4,17
597,zero,4,17
598,considering,4,17
599,wake,4,17
600,silent,4,17
601,glitches,4,17
602,missing,4,17
603,tap,4,17
604,wise,4,17
605,noticeably,4,17
606,put,4,17
607,homekit,4,17
608,family,4,17
609,reported,4,17
610,often,4,17
611,course,4,17
612,restart,4,17
613,system,4,17
614,lovely,4,17
615,friends,4,17
616,selecting,4,17
617,whatever,4,17
618,sense,4,17
619,reply,4,17
620,driving,4,17
621,keep,4,17
622,groups,4,17
623,click,4,17
624,added,4,17
625,small,4,17
626,watchos,4,17
627,word,4,17
628,brand,4,17
629,wireless,4,17
630,car,4,17
631,song,4,17
632,game,4,17
633,location,4,17
634,omg,3,17
635,55,3,17
636,wtf,3,17
637,unlike,3,17
638,plenty,3,17
639,bullshit,3,17
640,hot,3,17
641,dropped,3,17
642,public,3,17
643,seemed,3,17
644,tag,3,17
645,pets,3,17
646,index,3,17
647,60hz,3,17
648,30hz,3,17
649,excited,3,17
650,finished,3,17
651,6,3,17
652,september,3,17
653,images,3,17
654,loading,3,17
655,third,3,17
656,hopefully,3,17
657,clock,3,17
658,grocery,3,17
659,airdrop,3,17
660,usual,3,17
661,complaints,3,17
662,happens,3,17
663,stock,3,17
664,rid,3,17
665,purpose,3,17
666,easier,3,17
667,unlock,3,17
668,finger,3,17
669,part,3,17
670,rebooting,3,17
671,give,3,17
672,around,3,17
673,transfer,3,17
674,pictures,3,17
675,despite,3,17
676,couldnt,3,17
677,send,3,17
678,sign,3,17
679,reinstalled,3,17
680,turning,3,17
681,comes,3,17
682,hit,3,17
683,gen,3,17
684,push,3,17
685,dynamic,3,17
686,horrendous,3,17
687,facing,3,17
688,seeking,3,17
689,seek,3,17
690,awesome,3,17
691,ringtone,3,17
692,thank,3,17
693,repair,3,17
694,quite,3,17
695,random,3,17
696,memory,3,17
697,serious,3,17
698,uses,3,17
699,curious,3,17
700,remember,3,17
701,tiny,3,17
702,icons,3,17
703,x,3,17
704,functionality,3,17
705,hated,3,17
706,gives,3,17
707,switch,3,17
708,function,3,17
709,return,3,17
710,library,3,17
711,shows,3,17
712,tone,3,17
713,thinking,3,17
714,restore,3,17
715,clocks,3,17
716,friend,3,17
717,shared,3,17
718,homepods,3,17
719,bunch,3,17
720,lots,3,17
721,sending,3,17
722,blur,3,17
723,side,3,17
724,manually,3,17
725,play,3,17
726,emojis,3,17
727,spotify,3,17
728,shareplay,3,17
729,barely,3,17
730,alerts,3,17
731,experiencing,3,17
732,9,3,17
733,lets,3,17
734,section,3,17
735,personal,3,17
736,advice,3,17
737,may,3,17
738,cause,3,17
739,black,3,17
740,patches,3,17
741,coming,3,17
742,bring,3,17
743,wow,3,17
744,three,3,17
745,stupid,3,17
746,setting,3,17
747,hoping,3,17
748,comments,3,17
749,80,3,17
750,lost,3,17
751,hell,3,17
752,backup,3,17
753,stopped,3,17
754,requires,3,17
755,appear,3,17
756,signing,3,17
757,16x,3,17
758,theyll,3,17
759,apparently,3,17
760,alarm,3,17
761,room,3,17
762,wanted,3,17
763,gone,3,17
764,second,3,17
765,internet,3,17
766,wonder,3,17
767,smoothly,3,17
768,immediately,3,17
769,enjoying,3,17
770,stuttering,3,17
771,happening,3,17
772,minor,3,17
773,general,3,17
774,kind,3,17
775,although,3,17
776,easy,3,17
777,huge,3,17
778,ran,3,17
779,media,3,17
780,main,3,17
781,dragging,3,17
782,left,3,17
783,scrolling,3,17
784,dictation,3,17
785,cases,3,17
786,suggestion,3,17
787,rate,3,17
788,clean,3,17
789,reinstall,3,17
790,ugly,3,17
791,centre,3,17
792,starts,3,17
793,opened,3,17
794,swiping,3,17
795,1661,3,17
796,freezes,3,17
797,interesting,3,17
798,input,3,17
799,unusable,3,17
800,speak,3,17
801,initial,3,17
802,expected,3,17
803,stutters,3,17
804,generation,3,17
805,behind,3,17
806,fantastic,3,17
807,original,3,17
808,noticing,3,17
809,feedback,3,17
810,helps,3,17
811,complaint,3,17
812,whenever,3,17
813,166,3,17
814,rendered,3,17
815,twice,3,17
816,within,3,17
817,skip,3,17
818,consistent,3,17
819,ie,3,17
820,presses,3,17
821,ipados,3,17
822,decent,3,17
823,explain,3,17
824,gaming,3,17
825,leave,3,17
826,hella,3,17
827,attention,3,17
828,enjoyed,3,17
829,empty,3,17
830,quiet,3,17
831,checkin,3,17
832,cellular,3,17
833,saying,3,17
834,garbage,3,17
835,numerous,3,17
836,rest,3,17
837,dolby,3,17
838,atmos,3,17
839,okay,3,17
840,3rd,3,17
841,alert,3,17
842,correctly,3,17
843,3d,2,17
844,incredible,2,17
845,68,2,17
846,report,2,17
847,rocking,2,17
848,delete,2,17
849,redownload,2,17
850,lmao,2,17
851,scale,2,17
852,developer,2,17
853,spot,2,17
854,ignored,2,17
855,upgraded,2,17
856,anyway,2,17
857,files,2,17
858,massive,2,17
859,accurate,2,17
860,progress,2,17
861,completed,2,17
862,windows,2,17
863,scan,2,17
864,locked,2,17
865,early,2,17
866,remindme,2,17
867,models,2,17
868,macos,2,17
869,mail,2,17
870,products,2,17
871,increase,2,17
872,looked,2,17
873,ass,2,17
874,man,2,17
875,moved,2,17
876,95,2,17
877,recent,2,17
878,hows,2,17
879,lower,2,17
880,pocket,2,17
881,everytime,2,17
882,goofy,2,17
883,eager,2,17
884,wanna,2,17
885,status,2,17
886,weirdly,2,17
887,underlined,2,17
888,pull,2,17
889,solve,2,17
890,lame,2,17
891,confirm,2,17
892,12gb,2,17
893,syncing,2,17
894,ideas,2,17
895,local,2,17
896,machine,2,17
897,ai,2,17
898,experiences,2,17
899,developers,2,17
900,optimize,2,17
901,nah,2,17
902,bland,2,17
903,boring,2,17
904,recommend,2,17
905,supposed,2,17
906,colleague,2,17
907,crashing,2,17
908,failed,2,17
909,vpn,2,17
910,attempting,2,17
911,surprised,2,17
912,official,2,17
913,deleted,2,17
914,larger,2,17
915,gotten,2,17
916,content,2,17
917,taken,2,17
918,reindexing,2,17
919,40,2,17
920,plug,2,17
921,respond,2,17
922,120hz,2,17
923,nearly,2,17
924,native,2,17
925,joke,2,17
926,island,2,17
927,scratch,2,17
928,shocking,2,17
929,extra,2,17
930,insert,2,17
931,destroyed,2,17
932,wth,2,17
933,sent,2,17
934,everybody,2,17
935,mid,2,17
936,pack,2,17
937,girl,2,17
938,imagine,2,17
939,actual,2,17
940,prefer,2,17
941,created,2,17
942,gifs,2,17
943,window,2,17
944,breaks,2,17
945,scared,2,17
946,virtually,2,17
947,date,2,17
948,highlight,2,17
949,behavior,2,17
950,unmuted,2,17
951,guys,2,17
952,incoming,2,17
953,ring,2,17
954,nightstand,2,17
955,error,2,17
956,dope,2,17
957,simply,2,17
958,grab,2,17
959,required,2,17
960,convenient,2,17
961,sorting,2,17
962,zoomed,2,17
963,street,2,17
964,zoom,2,17
965,download,2,17
966,final,2,17
967,candidate,2,17
968,yo,2,17
969,somewhere,2,17
970,beginning,2,17
971,bluetooth,2,17
972,disgusting,2,17
973,bought,2,17
974,somebody,2,17
975,eventually,2,17
976,extremely,2,17
977,customers,2,17
978,calendar,2,17
979,difficult,2,17
980,intern,2,17
981,actively,2,17
982,elaborate,2,17
983,separate,2,17
984,theyd,2,17
985,toggle,2,17
986,level,2,17
987,god,2,17
988,alot,2,17
989,tapping,2,17
990,introduced,2,17
991,steve,2,17
992,improve,2,17
993,blast,2,17
994,75,2,17
995,restoring,2,17
996,possible,2,17
997,clue,2,17
998,told,2,17
999,temporarily,2,17
1000,knows,2,17
1001,strange,2,17
1002,allowing,2,17
1003,aint,2,17
1004,pushed,2,17
1005,laughable,2,17
1006,delivered,2,17
1007,dark,2,17
1008,unknown,2,17
1009,callers,2,17
1010,note,2,17
1011,canada,2,17
1012,crash,2,17
1013,emoji,2,17
1014,matter,2,17
1015,batter,2,17
1016,theyve,2,17
1017,rolled,2,17
1018,intended,2,17
1019,shuffle,2,17
1020,99,2,17
1021,close,2,17
1022,encounter,2,17
1023,usage,2,17
1024,keynote,2,17
1025,sites,2,17
1026,92,2,17
1027,apart,2,17
1028,butter,2,17
1029,operating,2,17
1030,concern,2,17
1031,lack,2,17
1032,posting,2,17
1033,additionally,2,17
1034,known,2,17
1035,significant,2,17
1036,impacted,2,17
1037,anecdotal,2,17
1038,nowhere,2,17
1039,abysmal,2,17
1040,result,2,17
1041,exactly,2,17
1042,64,2,17
1043,stability,2,17
1044,fully,2,17
1045,stuffs,2,17
1046,thirdparty,2,17
1047,removed,2,17
1048,drained,2,17
1049,believe,2,17
1050,dislike,2,17
1051,wouldnt,2,17
1052,service,2,17
1053,160,2,17
1054,expect,2,17
1055,60,2,17
1056,youll,2,17
1057,given,2,17
1058,perfectly,2,17
1059,starting,2,17
1060,13pm,2,17
1061,sot,2,17
1062,1015,2,17
1063,world,2,17
1064,mom,2,17
1065,stayed,2,17
1066,freezing,2,17
1067,releases,2,17
1068,glitch,2,17
1069,downloaded,2,17
1070,indeed,2,17
1071,cards,2,17
1072,haptics,2,17
1073,finding,2,17
1074,shortcuts,2,17
1075,automations,2,17
1076,everywhere,2,17
1077,sliding,2,17
1078,spotlight,2,17
1079,searching,2,17
1080,needed,2,17
1081,regular,2,17
1082,honest,2,17
1083,spacebar,2,17
1084,cluttered,2,17
1085,tab,2,17
1086,private,2,17
1087,apparent,2,17
1088,slightly,2,17
1089,shopping,2,17
1090,stay,2,17
1091,replaced,2,17
1092,personally,2,17
1093,fan,2,17
1094,cross,2,17
1095,giving,2,17
1096,become,2,17
1097,hiccups,2,17
1098,delay,2,17
1099,large,2,17
1100,surprising,2,17
1101,agree,2,17
1102,dig,2,17
1103,confused,2,17
1104,exciting,2,17
1105,fundamentally,2,17
1106,menus,2,17
1107,besides,2,17
1108,capacity,2,17
1109,occasional,2,17
1110,remains,2,17
1111,responsive,2,17
1112,learned,2,17
1113,13pro,2,17
1114,sorry,2,17
1115,sudden,2,17
1116,luckily,2,17
1117,hesitant,2,17
1118,upgrades,2,17
1119,important,2,17
1120,valuable,2,17
1121,explanation,2,17
1122,reasons,2,17
1123,cons,2,17
1124,factory,2,17
1125,beside,2,17
1126,everythings,2,17
1127,editing,2,17
1128,reopen,2,17
1129,reconnect,2,17
1130,places,2,17
1131,wrecked,2,17
1132,timer,2,17
1133,destroying,2,17
1134,shitty,2,17
1135,wipe,2,17
1136,ups,2,17
1137,substantially,2,17
1138,sounded,2,17
1139,reserved,2,17
1140,heard,2,17
1141,art,2,17
1142,lasting,2,17
1143,desk,2,17
1144,clunky,2,17
1145,reference,2,17
1146,amounts,2,17
1147,1tb,2,17
1148,gave,2,17
1149,2023,2,17
1150,details,2,17
1151,ton,2,17
1152,deleting,2,17
1153,drag,2,17
1154,rewind,2,17
1155,high,2,17
1156,crop,2,17
1157,model,2,17
1158,cumbersome,2,17
1159,recently,2,17
1160,blurry,2,17
1161,gimmicks,2,17
1162,pros,2,17
1163,per,2,17
1164,slowing,2,17
1165,save,2,17
1166,delivery,2,17
1167,pay,2,17
1168,overhaul,2,17
1169,wife,2,17
1170,andor,2,17
1171,command,2,17
1172,bed,2,17
1173,enjoy,2,17
1174,suggestions,2,17
1175,functions,2,17
1176,apostrophe,2,17
1177,chat,2,17
1178,entirely,2,17
1179,broke,2,17
1180,tech,2,17
1181,pressing,2,17
1182,unlocking,2,17
1183,liked,2,17
1184,pick,2,17
1185,buy,2,17
1186,heavy,2,17
1187,arrows,2,17
1188,reminders,2,17
1189,support,2,17
1190,crossfade,2,17
1191,outline,2,17
1192,press,2,17
1193,rocker,2,17
1194,messaging,2,17
1195,sort,2,17
1196,iwatch,2,17
1197,double,2,17
1198,credits,2,17
1199,shazam,2,17
1200,heating,2,17
1201,sustain,2,17
1202,connection,2,17
1203,fiber,2,17
1204,sat,2,17
1205,router,2,17
1206,argh,2,17
1207,total,2,17
1208,recording,2,17
1209,fucken,2,17
1210,tweak,1,17
1211,reaction,1,17
1212,cured,1,17
1213,yearslong,1,17
1214,longing,1,17
1215,nicely,1,17
1216,88gb,1,17
1217,36,1,17
1218,friday,1,17
1219,builds,1,17
1220,file,1,17
1221,transition,1,17
1222,butts,1,17
1223,phoneipadlaptop,1,17
1224,crooked,1,17
1225,halfdead,1,17
1226,pixel,1,17
1227,mental,1,17
1228,illness,1,17
1229,airpodskeyboardmouseother,1,17
1230,special,1,17
1231,medical,1,17
1232,warnings,1,17
1233,warning,1,17
1234,popup,1,17
1235,3gs,1,17
1236,intel,1,17
1237,pc,1,17
1238,recognizes,1,17
1239,slight,1,17
1240,hue,1,17
1241,superpowers,1,17
1242,possibly,1,17
1243,damage,1,17
1244,entered,1,17
1245,dead,1,17
1246,switching,1,17
1247,worryingly,1,17
1248,hmm,1,17
1249,heads,1,17
1250,glance,1,17
1251,lives,1,17
1252,tested,1,17
1253,confirmed,1,17
1254,underwhelming,1,17
1255,backnever,1,17
1256,removedbut,1,17
1257,blows,1,17
1258,adopters,1,17
1259,14pro,1,17
1260,decided,1,17
1261,33gb,1,17
1262,1111,1,17
1263,mogged,1,17
1264,sandbag,1,17
1265,sonoma,1,17
1266,26,1,17
1267,obsolete,1,17
1268,comparing,1,17
1269,1617,1,17
1270,sidebyside,1,17
1271,perceptible,1,17
1272,smoothness,1,17
1273,learns,1,17
1274,correcting,1,17
1275,ducking,1,17
1276,surprise,1,17
1277,undo,1,17
1278,chefs,1,17
1279,kiss,1,17
1280,yay,1,17
1281,giphy,1,17
1282,plethora,1,17
1283,nvm,1,17
1284,information,1,17
1285,swap,1,17
1286,becoming,1,17
1287,boomer,1,17
1288,hottt,1,17
1289,boards,1,17
1290,continuity,1,17
1291,ur,1,17
1292,speaking,1,17
1293,convo,1,17
1294,detects,1,17
1295,captions,1,17
1296,absolute,1,17
1297,banger,1,17
1298,supported,1,17
1299,truly,1,17
1300,hade,1,17
1301,104,1,17
1302,dual,1,17
1303,numbers,1,17
1304,decide,1,17
1305,lose,1,17
1306,enabling,1,17
1307,jit,1,17
1308,minecraft,1,17
1309,java,1,17
1310,worseslow,1,17
1311,bump,1,17
1312,looooong,1,17
1313,excites,1,17
1314,sweet,1,17
1315,avoid,1,17
1316,fly,1,17
1317,land,1,17
1318,vast,1,17
1319,32,1,17
1320,launched,1,17
1321,uninstalled,1,17
1322,blue,1,17
1323,snappenning,1,17
1324,jailbreaking,1,17
1325,buttery,1,17
1326,highlights,1,17
1327,janky,1,17
1328,finish,1,17
1329,configuration,1,17
1330,configuring,1,17
1331,big,1,17
1332,recognise,1,17
1333,easily,1,17
1334,learn,1,17
1335,displays,1,17
1336,arrives,1,17
1337,ip,1,17
1338,desperate,1,17
1339,overprocessing,1,17
1340,oversharpening,1,17
1341,cable,1,17
1342,reclaim,1,17
1343,leaning,1,17
1344,172,1,17
1345,western,1,17
1346,country,1,17
1347,bank,1,17
1348,warned,1,17
1349,advance,1,17
1350,money,1,17
1351,uninspired,1,17
1352,annual,1,17
1353,timeline,1,17
1354,ti,1,17
1355,indexed,1,17
1356,stabilise,1,17
1357,initially,1,17
1358,terraces,1,17
1359,managed,1,17
1360,seventh,1,17
1361,attempt,1,17
1362,typo,1,17
1363,trouble,1,17
1364,copypasting,1,17
1365,signed,1,17
1366,faring,1,17
1367,maxed,1,17
1368,300mb,1,17
1369,remaining,1,17
1370,banners,1,17
1371,anyones,1,17
1372,launch,1,17
1373,gona,1,17
1374,handful,1,17
1375,behave,1,17
1376,consistently,1,17
1377,iteration,1,17
1378,cut,1,17
1379,tool,1,17
1380,nudes,1,17
1381,adult,1,17
1382,sticking,1,17
1383,severely,1,17
1384,ironed,1,17
1385,2nd,1,17
1386,1481,1,17
1387,held,1,17
1388,frozen,1,17
1389,recognize,1,17
1390,chargers,1,17
1391,computer,1,17
1392,realizing,1,17
1393,sequence,1,17
1394,reboot,1,17
1395,appeared,1,17
1396,successfully,1,17
1397,glad,1,17
1398,screenscrolling,1,17
1399,jitterstutterlag,1,17
1400,struggling,1,17
1401,code,1,17
1402,caging,1,17
1403,tape,1,17
1404,brilliant,1,17
1405,previously,1,17
1406,touching,1,17
1407,25,1,17
1408,dislikes,1,17
1409,kfd,1,17
1410,instructions,1,17
1411,unclear,1,17
1412,accidentally,1,17
1413,repairs,1,17
1414,stars,1,17
1415,springboard,1,17
1416,jailbroke,1,17
1417,jankiest,1,17
1418,unpolished,1,17
1419,bro,1,17
1420,smash,1,17
1421,logic,1,17
1422,enroll,1,17
1423,june,1,17
1424,drop,1,17
1425,309,1,17
1426,oof,1,17
1427,unhappy,1,17
1428,reading,1,17
1429,glasses,1,17
1430,smallef,1,17
1431,memoji,1,17
1432,listed,1,17
1433,animoji,1,17
1434,overflow,1,17
1435,adds,1,17
1436,memojis,1,17
1437,packs,1,17
1438,intuitive,1,17
1439,move,1,17
1440,badly,1,17
1441,losing,1,17
1442,optional,1,17
1443,remain,1,17
1444,compare,1,17
1445,repackaged,1,17
1446,cringe,1,17
1447,imma,1,17
1448,xcode,1,17
1449,releaseits,1,17
1450,37,1,17
1451,mins,1,17
1452,652,1,17
1453,preparing,1,17
1454,podcasts,1,17
1455,nonbeta,1,17
1456,requested,1,17
1457,chrome,1,17
1458,bugged,1,17
1459,girlfriends,1,17
1460,shes,1,17
1461,saved,1,17
1462,saving,1,17
1463,acting,1,17
1464,dfu,1,17
1465,u,1,17
1466,declining,1,17
1467,checked,1,17
1468,focusdnd,1,17
1469,forwarding,1,17
1470,analog,1,17
1471,35,1,17
1472,airtags,1,17
1473,unexpected,1,17
1474,cancel,1,17
1475,conversation,1,17
1476,awareness,1,17
1477,action,1,17
1478,ig,1,17
1479,thru,1,17
1480,afternoon,1,17
1481,news,1,17
1482,topic,1,17
1483,science,1,17
1484,customise,1,17
1485,squashed,1,17
1486,wall,1,17
1487,paper,1,17
1488,earth,1,17
1489,astronomy,1,17
1490,unsorted,1,17
1491,filesmedia,1,17
1492,names,1,17
1493,process,1,17
1494,allows,1,17
1495,whenif,1,17
1496,forces,1,17
1497,tonight,1,17
1498,image,1,17
1499,classic,1,17
1500,mac,1,17
1501,forever,1,17
1502,photoapple,1,17
1503,cupertino,1,17
1504,18,1,17
1505,perioddecimal,1,17
1506,1541,1,17
1507,soooo,1,17
1508,2001,1,17
1509,bc,1,17
1510,cries,1,17
1511,raw,1,17
1512,bummer,1,17
1513,messagingbet,1,17
1514,bas,1,17
1515,tbf,1,17
1516,idc,1,17
1517,que,1,17
1518,anmore,1,17
1519,dog,1,17
1520,workarounds,1,17
1521,smh,1,17
1522,constantly,1,17
1523,appreciate,1,17
1524,2017,1,17
1525,73,1,17
1526,slowed,1,17
1527,aggressively,1,17
1528,motivate,1,17
1529,hidden,1,17
1530,hide,1,17
1531,switched,1,17
1532,associated,1,17
1533,defaults,1,17
1534,goo,1,17
1535,fucked,1,17
1536,commit,1,17
1537,hideous,1,17
1538,exploits,1,17
1539,volumes,1,17
1540,ringer,1,17
1541,brother,1,17
1542,notifying,1,17
1543,servers,1,17
1544,lasts,1,17
1545,snapieeeeer,1,17
1546,dad,1,17
1547,cigarettes,1,17
1548,healed,1,17
1549,depression,1,17
1550,brightness,1,17
1551,dimming,1,17
1552,highest,1,17
1553,imagining,1,17
1554,lightroom,1,17
1555,coincidence,1,17
1556,unrelated,1,17
1557,unsatisfying,1,17
1558,fyi,1,17
1559,bummed,1,17
1560,praying,1,17
1561,permanent,1,17
1562,swear,1,17
1563,yippee,1,17
1564,welp,1,17
1565,blurred,1,17
1566,readjust,1,17
1567,enterprise,1,17
1568,obliterate,1,17
1569,order,1,17
1570,bots,1,17
1571,ugh,1,17
1572,synced,1,17
1573,latest,1,17
1574,stophold,1,17
1575,reaches,1,17
1576,optimized,1,17
1577,50,1,17
1578,safaris,1,17
1579,greatest,1,17
1580,survive,1,17
1581,explode,1,17
1582,snap,1,17
1583,reverse,1,17
1584,dumbass,1,17
1585,tomorrow,1,17
1586,series,1,17
1587,box,1,17
1588,poor,1,17
1589,kid,1,17
1590,grille,1,17
1591,five,1,17
1592,procedure,1,17
1593,autoupdates,1,17
1594,period,1,17
1595,4gb,1,17
1596,registered,1,17
1597,modern,1,17
1598,smith,1,17
1599,handle,1,17
1600,ghost,1,17
1601,awake,1,17
1602,santa,1,17
1603,claus,1,17
1604,rush,1,17
1605,fairly,1,17
1606,mandatory,1,17
1607,deactivate,1,17
1608,planned,1,17
1609,obsolescence,1,17
1610,jumping,1,17
1611,samsung,1,17
1612,calm,1,17
1613,mary,1,17
1614,charges,1,17
1615,hotter,1,17
1616,inductive,1,17
1617,pad,1,17
1618,34,1,17
1619,improves,1,17
1620,falls,1,17
1621,dominos,1,17
1622,mmmmm,1,17
1623,daddy,1,17
1624,red,1,17
1625,silence,1,17
1626,dnd,1,17
1627,transcription,1,17
1628,sounding,1,17
1629,mixed,1,17
1630,descriptions,1,17
1631,1702,1,17
1632,corrected,1,17
1633,resets,1,17
1634,3045,1,17
1635,suppress,1,17
1636,615pm,1,17
1637,est,1,17
1638,sarcastic,1,17
1639,quotes,1,17
1640,form,1,17
1641,pleaaaaase,1,17
1642,werent,1,17
1643,popped,1,17
1644,boat,1,17
1645,17pb,1,17
1646,v5,1,17
1647,21a329,1,17
1648,watches,1,17
1649,minimum,1,17
1650,safe,1,17
1651,patch,1,17
1652,specifically,1,17
1653,sucking,1,17
1654,explorer,1,17
1655,youd,1,17
1656,stopwatch,1,17
1657,white,1,17
1658,oled,1,17
1659,green,1,17
1660,overwhelming,1,17
1661,majority,1,17
1662,experiment,1,17
1663,subscribers,1,17
1664,sub,1,17
1665,306k,1,17
1666,dev,1,17
1667,23,1,17
1668,exceptions,1,17
1669,96,1,17
1670,weeks,1,17
1671,87,1,17
1672,contrary,1,17
1673,vocal,1,17
1674,minority,1,17
1675,ops,1,17
1676,dragged,1,17
1677,stuttered,1,17
1678,disappearing,1,17
1679,strength,1,17
1680,bh,1,17
1681,outofthebox,1,17
1682,130,1,17
1683,clipped,1,17
1684,persist,1,17
1685,permanently,1,17
1686,rebooted,1,17
1687,anecdotes,1,17
1688,15p,1,17
1689,s9,1,17
1690,repairing,1,17
1691,motivated,1,17
1692,complain,1,17
1693,compliment,1,17
1694,controversial,1,17
1695,disappointing,1,17
1696,unlucky,1,17
1697,affected,1,17
1698,daily,1,17
1699,chats,1,17
1700,releasing,1,17
1701,cents,1,17
1702,endless,1,17
1703,redirect,1,17
1704,loops,1,17
1705,players,1,17
1706,tabs,1,17
1707,letting,1,17
1708,shop,1,17
1709,site,1,17
1710,wordle,1,17
1711,movie,1,17
1712,equivalent,1,17
1713,blank,1,17
1714,rally,1,17
1715,killed,1,17
1716,20x,1,17
1717,trolling,1,17
1718,definetly,1,17
1719,ask,1,17
1720,replacement,1,17
1721,warranty,1,17
1722,shouldnt,1,17
1723,aesthetics,1,17
1724,depleting,1,17
1725,m1,1,17
1726,s5,1,17
1727,14p,1,17
1728,2pm,1,17
1729,crap,1,17
1730,spare,1,17
1731,controller,1,17
1732,base,1,17
1733,sofar,1,17
1734,assistivetouch,1,17
1735,proper,1,17
1736,player,1,17
1737,landscape,1,17
1738,pause,1,17
1739,increased,1,17
1740,heat,1,17
1741,occasionally,1,17
1742,viewer,1,17
1743,example,1,17
1744,funky,1,17
1745,lastly,1,17
1746,12pro,1,17
1747,history,1,17
1748,downplaying,1,17
1749,doneresolved,1,17
1750,downplayed,1,17
1751,method,1,17
1752,statistic,1,17
1753,worthless,1,17
1754,stated,1,17
1755,elsewhere,1,17
1756,near,1,17
1757,129,1,17
1758,tad,1,17
1759,jumped,1,17
1760,posts,1,17
1761,gums,1,17
1762,subreddit,1,17
1763,funny,1,17
1764,evidence,1,17
1765,2020,1,17
1766,complaining,1,17
1767,announced,1,17
1768,sea,1,17
1769,sizeable,1,17
1770,community,1,17
1771,nobody,1,17
1772,builtin,1,17
1773,ecommerce,1,17
1774,negative,1,17
1775,reviews,1,17
1776,dip,1,17
1777,laggystuttery,1,17
1778,sizes,1,17
1779,mbs,1,17
1780,gbs,1,17
1781,stick,1,17
1782,x200b,1,17
1783,xos,1,17
1784,nitpicky,1,17
1785,decision,1,17
1786,called,1,17
1787,mistake,1,17
1788,hang,1,17
1789,httpswwwtiktokcomtastytiktreatsvideo,1,17
1790,7287679806,1,17
1791,5382556,1,17
1792,48_r1_t8gmxmt2seinhttpswwwtiktokcomtastytiktreatsvideo7287679806538255648_r1_t8gmxmt2sein,1,17
1793,impossible,1,17
1794,technical,1,17
1795,achievement,1,17
1796,bothered,1,17
1797,ordered,1,17
1798,parents,1,17
1799,cell,1,17
1800,beautifully,1,17
1801,165,1,17
1802,depends,1,17
1803,adaptive,1,17
1804,refresh,1,17
1805,nonpro,1,17
1806,fps,1,17
1807,paid,1,17
1808,1600,1,17
1809,price,1,17
1810,reasonble,1,17
1811,exact,1,17
1812,1700 1701,1,17
1813,minimal,1,17
1814,case,1,17
1815,predict,1,17
1816,policy,1,17
1817,unfunctional,1,17
1818,chip,1,17
1819,gifted,1,17
1820,weekend,1,17
1821,mind,1,17
1822,downgrade,1,17
1823,sticky,1,17
1824,dud,1,17
1825,baked,1,17
1826,various,1,17
1827,unnecessary,1,17
1828,insta,1,17
1829,snapchat,1,17
1830,particular,1,17
1831,rose,1,17
1832,gigabytes,1,17
1833,somehow,1,17
1834,1gb,1,17
1835,songs,1,17
1836,lossless,1,17
1837,disabled,1,17
1838,size,1,17
1839,doubled,1,17
1840,2gb,1,17
1841,8gb,1,17
1842,20gb,1,17
1843,mystery,1,17
1844,lovelyan,1,17
1845,caller,1,17
1846,sin,1,17
1847,intense,1,17
1848,onpar,1,17
1849,thatll,1,17
1850,flip,1,17
1851,overhyped,1,17
1852,assign,1,17
1853,individual,1,17
1854,confirmation,1,17
1855,region,1,17
1856,instance,1,17
1857,thinks,1,17
1858,discards,1,17
1859,redeemed,1,17
1860,aesthetic,1,17
1861,functional,1,17
1862,age,1,17
1863,pissed,1,17
1864,emails,1,17
1865,terms,1,17
1866,efficient,1,17
1867,longpress,1,17
1868,autofill,1,17
1869,mistyping,1,17
1870,involves,1,17
1871,browsing,1,17
1872,prompt,1,17
1873,hamburger,1,17
1874,suppose,1,17
1875,stuttery,1,17
1876,equal,1,17
1877,odd,1,17
1878,se2,1,17
1879,optimizing,1,17
1880,autocorrector,1,17
1881,cope,1,17
1882,automatic,1,17
1883,partner,1,17
1884,gamepigeon,1,17
1885,liking,1,17
1886,lowlight,1,17
1887,unused,1,17
1888,goddamn,1,17
1889,oficial,1,17
1890,inform,1,17
1891,meant,1,17
1892,practical,1,17
1893,agreed,1,17
1894,glaring,1,17
1895,modded,1,17
1896,generally,1,17
1897,letters,1,17
1898,thumbnails,1,17
1899,knowing,1,17
1900,circular,1,17
1901,pics,1,17
1902,figuring,1,17
1903,plagued,1,17
1904,remembersomewhere,1,17
1905,melodies,1,17
1906,pleasantly,1,17
1907,inspired,1,17
1908,lofi,1,17
1909,unaffected,1,17
1910,cursed,1,17
1911,season,1,17
1912,overhauled,1,17
1913,transcribed,1,17
1914,answering,1,17
1915,advanced,1,17
1916,caters,1,17
1917,ecosystem,1,17
1918,macbook,1,17
1919,dies,1,17
1920,swapped,1,17
1921,stretch,1,17
1922,appeal,1,17
1923,woke,1,17
1924,loop,1,17
1925,recovered,1,17
1926,plugging,1,17
1927,laptop,1,17
1928,outdoing,1,17
1929,british,1,17
1930,understatement,1,17
1931,brit,1,17
1932,heres,1,17
1933,surprisingly,1,17
1934,unchanged,1,17
1935,decrease,1,17
1936,noting,1,17
1937,infrequent,1,17
1938,jump,1,17
1939,processor,1,17
1940,substantial,1,17
1941,installation,1,17
1942,slowdowns,1,17
1943,shine,1,17
1944,24,1,17
1945,delays,1,17
1946,conclusion,1,17
1947,headline,1,17
1948,solid,1,17
1949,problematic,1,17
1950,mistakes,1,17
1951,present,1,17
1952,dealing,1,17
1953,itany,1,17
1954,dictionary,1,17
1955,youve,1,17
1956,autocompleting,1,17
1957,2fa,1,17
1958,codes,1,17
1959,stands,1,17
1960,budget,1,17
1961,died,1,17
1962,records,1,17
1963,tools,1,17
1964,greater,1,17
1965,revenue,1,17
1966,companies,1,17
1967,limited,1,17
1968,breathless,1,17
1969,arm,1,17
1970,waving,1,17
1971,documentation,1,17
1972,communicate,1,17
1973,clearer,1,17
1974,scare,1,17
1975,tactics,1,17
1976,shouting,1,17
1977,credibility,1,17
1978,urgent,1,17
1979,chunk,1,17
1980,glitching,1,17
1981,patched,1,17
1982,asap,1,17
1983,allday,1,17
1984,bangs,1,17
1985,moving,1,17
1986,corner,1,17
1987,pm,1,17
1988,remote,1,17
1989,rollout,1,17
1990,lackluster,1,17
1991,reception,1,17
1992,hater,1,17
1993,restarting,1,17
1994,discovered,1,17
1995,setup,1,17
1996,httpswwwredditcomrioscomments,1,17
1997,16pirg3directions_to_create_ios_17_compatible_custom,1,17
1998,airplay,1,17
1999,poorly,1,17
2000,invasive,1,17
2001,par,1,17
2002,addresses,1,17
2003,impact,1,17
2004,interface,1,17
2005,horrid,1,17
2006,regret,1,17
2007,weather,1,17
2008,reminder,1,17
2009,complications,1,17
2010,flickering,1,17
2011,tags,1,17
2012,keys,1,17
2013,followed,1,17
2014,0,1,17
2015,sideloading,1,17
2016,restrictions,1,17
2017,sluggish,1,17
2018,realize,1,17
2019,playback,1,17
2020,netflix,1,17
2021,prime,1,17
2022,benefit,1,17
2023,folks,1,17
2024,desktops,1,17
2025,fresh,1,17
2026,reload,1,17
2027,effectively,1,17
2028,carryover,1,17
2029,buried,1,17
2030,folder,1,17
2031,recommending,1,17
2032,findings,1,17
2033,djeheh,1,17
2034,shejsjs,1,17
2035,mi,1,17
2036,httpssupportapplecomenusht,1,17
2037,213781,1,17
2038,fuckin,1,17
2039,smoooth,1,17
2040,agreeeee,1,17
2041,couldve,1,17
2042,including,1,17
2043,leak,1,17
2044,64gb,1,17
2045,lockup,1,17
2046,passed,1,17
2047,deciding,1,17
2048,middle,1,17
2049,caused,1,17
2050,track,1,17
2051,removing,1,17
2052,controls,1,17
2053,removes,1,17
2054,polish,1,17
2055,batt,1,17
2056,hesitate,1,17
2057,swapping,1,17
2058,abandoned,1,17
2059,slowness,1,17
2060,stutteriness,1,17
2061,upside,1,17
2062,predications,1,17
2063,nighstand,1,17
2064,implement,1,17
2065,causing,1,17
2066,mistype,1,17
2067,spelling,1,17
2068,capacities,1,17
2069,understanding,1,17
2070,500,1,17
2071,gig,1,17
2072,draw,1,17
2073,relatively,1,17
2074,current,1,17
2075,regardless,1,17
2076,interested,1,17
2077,detail,1,17
2078,tb,1,17
2079,copious,1,17
2080,operations,1,17
2081,reoptimize,1,17
2082,reformat,1,17
2083,functioning,1,17
2084,foreground,1,17
2085,refreshing,1,17
2086,obvious,1,17
2087,continue,1,17
2088,flow,1,17
2089,con,1,17
2090,iclouds,1,17
2091,5gb,1,17
2092,disabling,1,17
2093,backups,1,17
2094,uninstalling,1,17
2095,circles,1,17
2096,11inch,1,17
2097,4th,1,17
2098,links,1,17
2099,articles,1,17
2100,somethingof,1,17
2101,hooray,1,17
2102,pb,1,17
2103,namedrop,1,17
2104,prediction,1,17
2105,implemented,1,17
2106,languages,1,17
2107,embarrassing,1,17
2108,swiftkey,1,17
2109,bugging,1,17
2110,quicker,1,17
2111,taps,1,17
2112,coworkers,1,17
2113,geometry,1,17
2114,dash,1,17
2115,trash,1,17
2116,busted,1,17
2117,resetting,1,17
2118,faceid,1,17
2119,excellent,1,17
2120,obnoxious,1,17
2121,eat,1,17
2122,customize,1,17
2123,unblur,1,17
2124,slick,1,17
2125,op,1,17
2126,pls,1,17
2127,utility,1,17
2128,sake,1,17
2129,unsmooth,1,17
2130,responding,1,17
2131,request,1,17
2132,whatsoever,1,17
2133,128gb,1,17
2134,tanked,1,17
2135,hitching,1,17
2136,secondsrestarted,1,17
2137,pointless,1,17
2138,bricked,1,17
2139,resolved,1,17
2140,sections,1,17
2141,sky,1,17
2142,mainly,1,17
2143,increasing,1,17
2144,violence,1,17
2145,police,1,17
2146,presence,1,17
2147,listen,1,17
2148,deal,1,17
2149,explored,1,17
2150,reordered,1,17
2151,androids,1,17
2152,learning,1,17
2153,late,1,17
2154,haha,1,17
2155,roll,1,17
2156,sift,1,17
2157,screenshots,1,17
2158,filter,1,17
2159,understand,1,17
2160,rarely,1,17
2161,drastically,1,17
2162,means,1,17
2163,apples,1,17
2164,ota,1,17
2165,results,1,17
2166,pulldown,1,17
2167,v,1,17
2168,task,1,17
2169,drainage,1,17
2170,basic,1,17
2171,particularly,1,17
2172,extras,1,17
2173,write,1,17
2174,muchneeded,1,17
2175,ringtonessince,1,17
2176,devicecant,1,17
2177,ioscentric,1,17
2178,addition,1,17
2179,arrived,1,17
2180,basketball,1,17
2181,court,1,17
2182,extreme,1,17
2183,stutter,1,17
2184,doubt,1,17
2185,entire,1,17
2186,playlists,1,17
2187,false,1,17
2188,positives,1,17
2189,explore,1,17
2190,56,1,17
2191,78,1,17
2192,gained,1,17
2193,reporting,1,17
2194,tinker,1,17
2195,impression,1,17
2196,91058,1,17
2197,figured,1,17
2198,entertaining,1,17
2199,fade,1,17
2200,2018,1,17
2201,slows,1,17
2202,generic,1,17
2203,charger,1,17
2204,include,1,17
2205,arrange,1,17
2206,65,1,17
2207,250,1,17
2208,mb,1,17
2209,thus,1,17
2210,excessively,1,17
2211,sentences,1,17
2212,predictiive,1,17
2213,rewrite,1,17
2214,contraction,1,17
2215,prompted,1,17
2216,calling,1,17
2217,win,1,17
2218,meat,1,17
2219,overstate,1,17
2220,members,1,17
2221,thorough,1,17
2222,girlfriend,1,17
2223,bless,1,17
2224,worrywarts,1,17
2225,safety,1,17
2226,children,1,17
2227,includes,1,17
2228,downside,1,17
2229,shill,1,17
2230,fr,1,17
2231,inclusion,1,17
2232,killing,1,17
2233,aspects,1,17
2234,200x,1,17
2235,magsafe,1,17
2236,11pro,1,17
2237,daynot,1,17
2238,70,1,17
2239,2022,1,17
2240,suck,1,17
2241,encountered,1,17
2242,loss,1,17
2243,inner,1,17
2244,lmfao,1,17
2245,insane,1,17
2246,government,1,17
2247,department,1,17
2248,compatibility,1,17
2249,follow,1,17
2250,solved,1,17
2251,flipping,1,17
2252,arent,1,17
2253,remotely,1,17
2254,appletvs,1,17
2255,picker,1,17
2256,lights,1,17
2257,rectangle,1,17
2258,throw,1,17
2259,webkit,1,17
2260,cleaned,1,17
2261,devs,1,17
2262,likewise,1,17
2263,handless,1,17
2264,plain,1,17
2265,alas,1,17
2266,waited,1,17
2267,paying,1,17
2268,company,1,17
2269,noise,1,17
2270,loud,1,17
2271,vibration,1,17
2272,perfectionist,1,17
2273,management,1,17
2274,executed,1,17
2275,outdated,1,17
2276,lincoln,1,17
2277,regency,1,17
2278,figure,1,17
2279,min,1,17
2280,watched,1,17
2281,firmware,1,17
2282,mentioned,1,17
2283,instant,1,17
2284,bedside,1,17
2285,48mp,1,17
2286,proraw,1,17
2287,hangs,1,17
2288,kicking,1,17
2289,trade,1,17
2290,appears,1,17
2291,ideally,1,17
2292,whichever,1,17
2293,_,1,17
2294,thoughts,1,17
2295,20w,1,17
2296,adapter,1,17
2297,spent,1,17
2298,smaller,1,17
2299,voltage,1,17
2300,afraid,1,17
2301,refuses,1,17
2302,wifilte,1,17
2303,strengt,1,17
2304,visible,1,17
2305,moiving,1,17
2306,dealt,1,17
2307,infuriating,1,17
2308,dangerous,1,17
2309,23hrs,1,17
2310,obviously,1,17
2311,calibrate,1,17
2312,bs,1,17
2313,batteries,1,17
2314,cosmetics,1,17
2315,photography,1,17
2316,hands,1,17
2317,hurt,1,17
2318,became,1,17
2319,256gb,1,17
2320,light,1,17
2321,putting,1,17
2322,lead,1,17
2323,waaay,1,17
2324,imho,1,17
2325,unchangeable,1,17
2326,pet,1,17
2327,expecting,1,17
2328,devicedependent,1,17
2329,headsup,1,17
2330,direction,1,17
2331,approx,1,17
2332,hrs,1,17
2333,fors,1,17
2334,localisation,1,17
2335,hype,1,17
2336,remind,1,17
2337,cheap,1,17
2338,talking,1,17
2339,concerns,1,17
2340,permission,1,17
2341,knowledge,1,17
2342,straight,1,17
2343,culprit,1,17
2344,verified,1,17
2345,clicking,1,17
2346,worsened,1,17
2347,watchultra,1,17
2348,vice,1,17
2349,versa,1,17
2350,slider,1,17
2351,teams,1,17
2352,outlook,1,17
2353,disconnects,1,17
2354,suggests,1,17
2355,dial,1,17
2356,signaled,1,17
2357,relay,1,17
2358,pair,1,17
2359,oneplus,1,17
2360,buds,1,17
2361,z2,1,17
2362,flawlessly,1,17
2363,headphones,1,17
2364,faced,1,17
2365,quieter,1,17
2366,normalises,1,17
2367,threads,1,17
2368,restarts,1,17
2369,solution,1,17
2370,recents,1,17
2371,upset,1,17
2372,careful,1,17
2373,conscious,1,17
2374,domt,1,17
2375,provider,1,17
2376,implements,1,17
2377,onoff,1,17
2378,visual,1,17
2379,lookup,1,17
2380,plants,1,17
2381,animals,1,17
2382,worlds,1,17
2383,satisfied,1,17
2384,opens,1,17
2385,opposed,1,17
2386,accessibility,1,17
2387,updown,1,17
2388,simple,1,17
2389,writing,1,17
2390,powered,1,17
2391,offon,1,17
2392,wheres,1,17
2393,crosswords,1,17
2394,gate,1,17
2395,airplane,1,17
2396,ipads,1,17
2397,trip,1,17
2398,selection,1,17
2399,dropdown,1,17
2400,kept,1,17
2401,spanish,1,17
2402,backspace,1,17
2403,accent,1,17
2404,vowel,1,17
2405,bounce,1,17
2406,onto,1,17
2407,10th,1,17
2408,jelly,1,17
2409,bean,1,17
2410,dl,1,17
2411,despise,1,17
2412,positive,1,17
2413,objectively,1,17
2414,laid,1,17
2415,neutral,1,17
2416,condensing,1,17
2417,sideways,1,17
2418,customizable,1,17
2419,displayed,1,17
2420,edituse,1,17
2421,magnifying,1,17
2422,glass,1,17
2423,noone,1,17
2424,pointing,1,17
2425,shapes,1,17
2426,thickness,1,17
2427,steps,1,17
2428,emailtext,1,17
2429,portal,1,17
2430,games,1,17
2431,selfies,1,17
2432,dismayed,1,17
2433,pavlovian,1,17
2434,knew,1,17
2435,immediate,1,17
2436,defaulted,1,17
2437,boss,1,17
2438,replying,1,17
2439,critical,1,17
2440,ticket,1,17
2441,sr,1,17
2442,future,1,17
2443,thrown,1,17
2444,reconfigured,1,17
2445,certain,1,17
2446,initiate,1,17
2447,retrain,1,17
2448,muscle,1,17
2449,portrait,1,17
2450,adjustments,1,17
2451,heif,1,17
2452,format,1,17
2453,oversharpened,1,17
2454,naturally,1,17
2455,refined,1,17
2456,promotion,1,17
2457,frame,1,17
2458,30fps,1,17
2459,closing,1,17
2460,hoped,1,17
2461,dropping,1,17
2462,hapticsound,1,17
2463,predictionssuggestions,1,17
2464,portuguese,1,17
2465,lyrics,1,17
2466,inside,1,17
2467,inconsistent,1,17
2468,supporting,1,17
2469,covers,1,17
2470,aligning,1,17
2471,indicative,1,17
2472,paused,1,17
2473,playpause,1,17
2474,across,1,17
2475,account,1,17
2476,forgotten,1,17
2477,moves,1,17
2478,mailbox,1,17
2479,teaching,1,17
2480,hundreds,1,17
2481,mailboxes,1,17
2482,blurs,1,17
2483,session,1,17
2484,voicemails,1,17
2485,enhancing,1,17
2486,bravo,1,17
2487,aesthetically,1,17
2488,pleasing,1,17
2489,exploring,1,17
2490,buggiest,1,17
2491,grainy,1,17
2492,adore,1,17
2493,shares,1,17
2494,alone,1,17
2495,gains,1,17
2496,drops,1,17
2497,bonkers,1,17
2498,homescreen,1,17
2499,lockscreen,1,17
2500,turns,1,17
2501,disliked,1,17
2502,reverted,1,17
2503,colors,1,17
2504,pigeon,1,17
2505,overlay,1,17
2506,actions,1,17
2507,ready,1,17
2508,gamespigeon,1,17
2509,pool,1,17
2510,fail,1,17
2511,act,1,17
2512,picked,1,17
2513,maxes,1,17
2514,peaking,1,17
2515,wasting,1,17
2516,record,1,17
2517,tis,1,17
2518,pain,1,17
2519,outside,1,17
2520,die,1,17
2521,hapticsall,1,17
2522,hapticvibration,1,17
2523,alright,1,17
2524,cosmetic,1,17
2525,must,1,17
2526,recognition,1,17
2527,errors,1,17
2528,gripe,1,17
2529,opt,1,17
2530,recommendations,1,17
2531,bars,1,17
2532,directly,1,17
2533,services,1,17
2534,pinging,1,17
2535,unlocked,1,17
2536,autocapitalize,1,17
2537,mic,1,17
2538,specially,1,17
2539,pubg,1,17
2540,cod,1,17
2541,ex,1,17
2542,minimizes,1,17
2543,giant,1,17
2544,pops,1,17
2545,stops,1,17
2546,speakers,1,17
2547,front,1,17
2548,operates,1,17
2549,onscreen,1,17
2550,missed,1,17
2551,programming,1,17
2552,api,1,17
2553,navigate,1,17
0,like,138,18
1,app,91,18
2,ios,90,18
3,new,73,18
4,im,67,18
5,update,65,18
6,icons,63,18
7,screen,62,18
8,dont,62,18
9,control,61,18
10,photos,53,18
11,iphone,50,18
12,apple,50,18
13,18,46,18
14,center,45,18
15,really,43,18
16,phone,43,18
17,also,41,18
18,much,40,18
19,better,39,18
20,android,38,18
21,even,37,18
22,get,36,18
23,see,34,18
24,would,33,18
25,still,33,18
26,seems,33,18
27,home,31,18
28,time,30,18
29,features,30,18
30,able,30,18
31,used,29,18
32,use,28,18
33,cant,28,18
34,one,28,18
35,know,28,18
36,far,27,18
37,good,27,18
38,feels,26,18
39,apps,26,18
40,things,25,18
41,rcs,25,18
42,make,24,18
43,using,24,18
44,beta,24,18
45,think,24,18
46,dark,24,18
47,battery,24,18
48,pro,23,18
49,around,22,18
50,love,22,18
51,ive,22,18
52,15,21,18
53,way,21,18
54,thing,21,18
55,looks,21,18
56,lot,20,18
57,keyboard,20,18
58,group,20,18
59,back,20,18
60,calendar,19,18
61,video,19,18
62,nice,19,18
63,something,19,18
64,17,19,18
65,havent,19,18
66,hate,19,18
67,want,19,18
68,everything,18,18
69,doesnt,18,18
70,since,18,18
71,work,18,18
72,right,18,18
73,people,18,18
74,icon,17,18
75,feature,17,18
76,actually,17,18
77,yet,17,18
78,finally,17,18
79,mode,17,18
80,set,16,18
81,customization,16,18
82,two,16,18
83,bugs,16,18
84,need,16,18
85,anyone,16,18
86,got,16,18
87,option,16,18
88,change,16,18
89,music,16,18
90,didnt,15,18
91,first,15,18
92,thats,15,18
93,look,15,18
94,well,15,18
95,going,15,18
96,different,15,18
97,years,15,18
98,go,15,18
99,isnt,14,18
100,notes,14,18
101,stuff,14,18
102,button,14,18
103,messages,14,18
104,nothing,14,18
105,old,14,18
106,getting,14,18
107,move,13,18
108,especially,13,18
109,add,13,18
110,thanks,13,18
111,issues,13,18
112,data,13,18
113,updates,13,18
114,overall,13,18
115,2,13,18
116,works,13,18
117,running,13,18
118,lol,13,18
119,photo,12,18
120,theres,12,18
121,fine,12,18
122,never,12,18
123,already,12,18
124,though,12,18
125,thought,12,18
126,working,12,18
127,great,12,18
128,put,12,18
129,watch,12,18
130,yes,12,18
131,ai,12,18
132,issue,12,18
133,pause,12,18
134,centre,12,18
135,text,12,18
136,could,11,18
137,options,11,18
138,place,11,18
139,today,11,18
140,day,11,18
141,weird,11,18
142,upgrade,11,18
143,bug,11,18
144,many,11,18
145,last,11,18
146,us,11,18
147,least,11,18
148,recording,11,18
149,ur,11,18
150,youre,11,18
151,smooth,10,18
152,little,10,18
153,super,10,18
154,opinion,10,18
155,made,10,18
156,always,10,18
157,happy,10,18
158,pretty,10,18
159,every,10,18
160,scroll,10,18
161,lock,10,18
162,page,10,18
163,top,10,18
164,life,10,18
165,find,10,18
166,release,10,18
167,long,10,18
168,177,10,18
169,intelligence,10,18
170,hell,10,18
171,bit,9,18
172,try,9,18
173,trying,9,18
174,useful,9,18
175,library,9,18
176,ago,9,18
177,hope,9,18
178,bad,9,18
179,ill,9,18
180,anything,9,18
181,else,9,18
182,ipad,9,18
183,seem,9,18
184,click,9,18
185,widget,9,18
186,yeah,9,18
187,13,9,18
188,feel,9,18
189,say,9,18
190,done,9,18
191,wish,8,18
192,bottom,8,18
193,small,8,18
194,light,8,18
195,major,8,18
196,rid,8,18
197,etc,8,18
198,full,8,18
199,airdrop,8,18
200,181,8,18
201,shit,8,18
202,problem,8,18
203,siri,8,18
204,id,8,18
205,waiting,8,18
206,chat,8,18
207,settings,8,18
208,sure,8,18
209,changes,8,18
210,makes,8,18
211,absolutely,8,18
212,keep,8,18
213,annoying,8,18
214,updated,8,18
215,awful,8,18
216,widgets,7,18
217,big,7,18
218,swipe,7,18
219,sometimes,7,18
220,large,7,18
221,plus,7,18
222,separate,7,18
223,connectivity,7,18
224,ability,7,18
225,background,7,18
226,tried,7,18
227,compared,7,18
228,ones,7,18
229,slow,7,18
230,type,7,18
231,ui,7,18
232,weeks,7,18
233,care,7,18
234,added,7,18
235,mobile,7,18
236,maybe,7,18
237,worse,7,18
238,hidden,7,18
239,user,7,18
240,box,7,18
241,customizable,7,18
242,buttons,7,18
243,cool,7,18
244,typing,7,18
245,colors,7,18
246,half,7,18
247,sucks,7,18
248,fix,7,18
249,mine,7,18
250,hear,7,18
251,camera,7,18
252,scrub,7,18
253,theyve,7,18
254,users,7,18
255,apples,7,18
256,view,6,18
257,show,6,18
258,honestly,6,18
259,smoother,6,18
260,almost,6,18
261,perfect,6,18
262,changed,6,18
263,improved,6,18
264,second,6,18
265,wallpaper,6,18
266,anymore,6,18
267,part,6,18
268,another,6,18
269,give,6,18
270,quick,6,18
271,reminders,6,18
272,mirroring,6,18
273,ever,6,18
274,definitely,6,18
275,hide,6,18
276,folder,6,18
277,calculator,6,18
278,google,6,18
279,start,6,18
280,color,6,18
281,quite,6,18
282,meh,6,18
283,side,6,18
284,take,6,18
285,experience,6,18
286,screens,6,18
287,fixed,6,18
288,laggy,6,18
289,u,6,18
290,customize,6,18
291,moving,6,18
292,bar,6,18
293,message,6,18
294,wait,6,18
295,charge,6,18
296,longer,6,18
297,mess,6,18
298,section,6,18
299,devices,6,18
300,eu,6,18
301,damn,6,18
302,fuck,6,18
303,huge,6,18
304,days,5,18
305,instead,5,18
306,easier,5,18
307,loving,5,18
308,album,5,18
309,anywhere,5,18
310,looking,5,18
311,gave,5,18
312,excited,5,18
313,12,5,18
314,simple,5,18
315,missed,5,18
316,bilingual,5,18
317,search,5,18
318,11,5,18
319,minor,5,18
320,playback,5,18
321,1,5,18
322,noticed,5,18
323,otherwise,5,18
324,months,5,18
325,speak,5,18
326,name,5,18
327,switch,5,18
328,remove,5,18
329,personal,5,18
330,mac,5,18
331,releases,5,18
332,biggest,5,18
333,eye,5,18
334,less,5,18
335,went,5,18
336,turned,5,18
337,fact,5,18
338,cellular,5,18
339,picture,5,18
340,remember,5,18
341,terrible,5,18
342,worst,5,18
343,wont,5,18
344,snappy,5,18
345,default,5,18
346,available,5,18
347,version,5,18
348,without,5,18
349,whatever,5,18
350,exactly,5,18
351,faster,5,18
352,shortcuts,5,18
353,passwords,5,18
354,wifi,5,18
355,roll,5,18
356,let,5,18
357,scrolling,5,18
358,zoom,5,18
359,friends,5,18
360,believe,5,18
361,16,5,18
362,3,5,18
363,ugly,5,18
364,betas,5,18
365,install,5,18
366,hot,5,18
367,kinda,5,18
368,mid,5,18
369,wherever,5,18
370,wanted,5,18
371,usually,5,18
372,security,5,18
373,rc,5,18
374,fan,4,18
375,frustrating,4,18
376,takes,4,18
377,tap,4,18
378,open,4,18
379,spot,4,18
380,completely,4,18
381,coming,4,18
382,freezes,4,18
383,boring,4,18
384,carrier,4,18
385,safari,4,18
386,heard,4,18
387,androids,4,18
388,decade,4,18
389,came,4,18
390,busy,4,18
391,turn,4,18
392,access,4,18
393,tell,4,18
394,disappointed,4,18
395,panel,4,18
396,worth,4,18
397,mind,4,18
398,extra,4,18
399,texts,4,18
400,stuck,4,18
401,folders,4,18
402,blank,4,18
403,possible,4,18
404,idk,4,18
405,personally,4,18
406,seen,4,18
407,understand,4,18
408,resize,4,18
409,lagging,4,18
410,menu,4,18
411,password,4,18
412,live,4,18
413,dig,4,18
414,order,4,18
415,run,4,18
416,whole,4,18
417,theme,4,18
418,reading,4,18
419,pages,4,18
420,later,4,18
421,normal,4,18
422,hoping,4,18
423,soon,4,18
424,daily,4,18
425,action,4,18
426,everyone,4,18
427,year,4,18
428,command,4,18
429,difference,4,18
430,tint,4,18
431,step,4,18
432,14,4,18
433,constantly,4,18
434,leave,4,18
435,goes,4,18
436,face,4,18
437,kind,4,18
438,best,4,18
439,behind,4,18
440,next,4,18
441,game,4,18
442,texting,4,18
443,barely,4,18
444,single,4,18
445,might,4,18
446,horrible,4,18
447,removed,4,18
448,whats,4,18
449,allow,4,18
450,guess,4,18
451,os,4,18
452,sent,4,18
453,5,4,18
454,albums,4,18
455,sync,4,18
456,phones,4,18
457,wondering,4,18
458,emojis,4,18
459,feedback,4,18
460,charging,4,18
461,true,4,18
462,non,4,18
463,record,4,18
464,thinking,4,18
465,mini,4,18
466,due,4,18
467,beam,4,18
468,controls,4,18
469,seeing,4,18
470,based,4,18
471,support,4,18
472,bluetooth,4,18
473,adjust,4,18
474,scheduled,4,18
475,month,3,18
476,unfortunately,3,18
477,7,3,18
478,hard,3,18
479,tested,3,18
480,forward,3,18
481,versions,3,18
482,t9,3,18
483,appear,3,18
484,math,3,18
485,insane,3,18
486,may,3,18
487,lag,3,18
488,past,3,18
489,wanna,3,18
490,smoothly,3,18
491,snappier,3,18
492,items,3,18
493,amazing,3,18
494,blur,3,18
495,sharing,3,18
496,hopefully,3,18
497,contacts,3,18
498,number,3,18
499,bring,3,18
500,relevant,3,18
501,dedicated,3,18
502,found,3,18
503,imo,3,18
504,playing,3,18
505,windows,3,18
506,inside,3,18
507,play,3,18
508,motion,3,18
509,pixel,3,18
510,stupid,3,18
511,messy,3,18
512,dev,3,18
513,updating,3,18
514,check,3,18
515,night,3,18
516,minutes,3,18
517,lockscreen,3,18
518,homescreen,3,18
519,display,3,18
520,white,3,18
521,happened,3,18
522,accessible,3,18
523,left,3,18
524,airplay,3,18
525,surprisingly,3,18
526,mean,3,18
527,downgrade,3,18
528,post,3,18
529,significant,3,18
530,lets,3,18
531,pushing,3,18
532,notification,3,18
533,customized,3,18
534,animations,3,18
535,come,3,18
536,idea,3,18
537,short,3,18
538,accidentally,3,18
539,recently,3,18
540,writing,3,18
541,language,3,18
542,crashes,3,18
543,gets,3,18
544,glitches,3,18
545,either,3,18
546,whatsapp,3,18
547,haha,3,18
548,honest,3,18
549,particularly,3,18
550,performance,3,18
551,10,3,18
552,youll,3,18
553,example,3,18
554,combo,3,18
555,reset,3,18
556,moment,3,18
557,reason,3,18
558,landscape,3,18
559,positive,3,18
560,feeling,3,18
561,supported,3,18
562,toggle,3,18
563,missing,3,18
564,pros,3,18
565,end,3,18
566,away,3,18
567,choose,3,18
568,early,3,18
569,send,3,18
570,improvements,3,18
571,mail,3,18
572,draining,3,18
573,crazy,3,18
574,clear,3,18
575,glad,3,18
576,changer,3,18
577,somehow,3,18
578,videos,3,18
579,liked,3,18
580,reddit,3,18
581,opening,3,18
582,comment,3,18
583,shazam,3,18
584,making,3,18
585,custom,3,18
586,tbh,3,18
587,broken,3,18
588,person,3,18
589,apart,3,18
590,couple,3,18
591,awesome,3,18
592,becomes,3,18
593,happening,3,18
594,attached,3,18
595,wouldnt,3,18
596,audio,3,18
597,system,3,18
598,smart,3,18
599,corner,3,18
600,hardly,3,18
601,max,3,18
602,basic,3,18
603,software,3,18
604,wasnt,3,18
605,dumb,3,18
606,6,3,18
607,said,3,18
608,hour,3,18
609,shits,3,18
610,talking,3,18
611,pictures,3,18
612,revert,3,18
613,okay,3,18
614,installed,3,18
615,main,3,18
616,liking,3,18
617,messaging,3,18
618,location,3,18
619,given,3,18
620,languages,3,18
621,kit,3,18
622,prefer,3,18
623,unlock,3,18
624,vid,3,18
625,flashlight,3,18
626,tiny,3,18
627,agree,3,18
628,favorite,3,18
629,4,3,18
630,literally,3,18
631,man,3,18
632,tho,3,18
633,oh,3,18
634,original,3,18
635,related,3,18
636,patch,3,18
637,fixes,3,18
638,ask,3,18
639,build,3,18
640,180,3,18
641,pm,3,18
642,happens,3,18
643,automatically,3,18
644,legacy,3,18
645,indicators,2,18
646,closing,2,18
647,lags,2,18
648,however,2,18
649,theyre,2,18
650,thumbnails,2,18
651,images,2,18
652,quickly,2,18
653,previews,2,18
654,close,2,18
655,currently,2,18
656,moves,2,18
657,invisible,2,18
658,hole,2,18
659,line,2,18
660,drag,2,18
661,moved,2,18
662,reaction,2,18
663,eventually,2,18
664,previous,2,18
665,lots,2,18
666,solid,2,18
667,cough,2,18
668,become,2,18
669,slower,2,18
670,dialling,2,18
671,welcome,2,18
672,enough,2,18
673,additions,2,18
674,although,2,18
675,unresponsive,2,18
676,someone,2,18
677,complain,2,18
678,wouldve,2,18
679,distracting,2,18
680,1761,2,18
681,three,2,18
682,discovered,2,18
683,train,2,18
684,fixing,2,18
685,expected,2,18
686,contact,2,18
687,platforms,2,18
688,layout,2,18
689,auto,2,18
690,integration,2,18
691,godsend,2,18
692,entire,2,18
693,rearranging,2,18
694,heating,2,18
695,pass,2,18
696,locking,2,18
697,giant,2,18
698,difficult,2,18
699,sites,2,18
700,brain,2,18
701,customisable,2,18
702,vehicle,2,18
703,reachability,2,18
704,tracking,2,18
705,alone,2,18
706,reply,2,18
707,worked,2,18
708,ten,2,18
709,dynamic,2,18
710,often,2,18
711,properly,2,18
712,somewhat,2,18
713,screenshots,2,18
714,spend,2,18
715,info,2,18
716,displaying,2,18
717,freaking,2,18
718,macos,2,18
719,garbage,2,18
720,friendly,2,18
721,regular,2,18
722,overly,2,18
723,unusable,2,18
724,trash,2,18
725,requires,2,18
726,thumb,2,18
727,probably,2,18
728,jailbroken,2,18
729,latest,2,18
730,xs,2,18
731,overwhelming,2,18
732,across,2,18
733,glitching,2,18
734,experienced,2,18
735,real,2,18
736,question,2,18
737,bigger,2,18
738,forgot,2,18
739,chance,2,18
740,extremely,2,18
741,impressed,2,18
742,falls,2,18
743,freely,2,18
744,editing,2,18
745,deleted,2,18
746,keyboards,2,18
747,httpspreviewreddit,2,18
748,predictions,2,18
749,autocorrection,2,18
750,ended,2,18
751,wrong,2,18
752,screwed,2,18
753,30,2,18
754,minute,2,18
755,load,2,18
756,uses,2,18
757,jobs,2,18
758,noticeably,2,18
759,funny,2,18
760,europe,2,18
761,everybody,2,18
762,enabled,2,18
763,test,2,18
764,worthwhile,2,18
765,downgrading,2,18
766,blue,2,18
767,themed,2,18
768,intended,2,18
769,waited,2,18
770,animation,2,18
771,match,2,18
772,stuttery,2,18
773,0,2,18
774,percentage,2,18
775,drop,2,18
776,kids,2,18
777,edit,2,18
778,pull,2,18
779,bc,2,18
780,connection,2,18
781,torch,2,18
782,yesterday,2,18
783,hardware,2,18
784,baked,2,18
785,buggy,2,18
786,considering,2,18
787,ridiculous,2,18
788,automatic,2,18
789,changing,2,18
790,chose,2,18
791,ram,2,18
792,hover,2,18
793,happen,2,18
794,announced,2,18
795,simplicity,2,18
796,enjoying,2,18
797,content,2,18
798,fast,2,18
799,downloading,2,18
800,15pro,2,18
801,hasnt,2,18
802,gotten,2,18
803,usage,2,18
804,adding,2,18
805,fun,2,18
806,draw,2,18
807,answer,2,18
808,lagginess,2,18
809,ran,2,18
810,blame,2,18
811,older,2,18
812,harder,2,18
813,shortcut,2,18
814,ultra,2,18
815,weak,2,18
816,nightmare,2,18
817,network,2,18
818,useless,2,18
819,sons,2,18
820,football,2,18
821,games,2,18
822,forth,2,18
823,stay,2,18
824,broke,2,18
825,create,2,18
826,delete,2,18
827,symbols,2,18
828,possibilities,2,18
829,drawing,2,18
830,notability,2,18
831,graphics,2,18
832,similar,2,18
833,throughout,2,18
834,onoff,2,18
835,returned,2,18
836,disappear,2,18
837,visible,2,18
838,childish,2,18
839,overheating,2,18
840,developer,2,18
841,entirely,2,18
842,says,2,18
843,autocorrect,2,18
844,z,2,18
845,ton,2,18
846,innovative,2,18
847,syncing,2,18
848,times,2,18
849,keeping,2,18
850,synced,2,18
851,showing,2,18
852,break,2,18
853,limit,2,18
854,opens,2,18
855,zoomed,2,18
856,size,2,18
857,unnecessary,2,18
858,round,2,18
859,ages,2,18
860,cluttered,2,18
861,15x,2,18
862,fucked,2,18
863,usable,2,18
864,course,2,18
865,ok,2,18
866,drain,2,18
867,samsung,2,18
868,looked,2,18
869,included,2,18
870,square,2,18
871,tinted,2,18
872,eg,2,18
873,agreed,2,18
874,maximum,2,18
875,notice,2,18
876,point,2,18
877,played,2,18
878,pausing,2,18
879,switched,2,18
880,loved,2,18
881,pin,2,18
882,mostly,2,18
883,aesthetic,2,18
884,arrange,2,18
885,gotchu,2,18
886,ye,2,18
887,bother,2,18
888,width,2,18
889,switching,2,18
890,input,2,18
891,mines,2,18
892,carplay,2,18
893,final,2,18
894,vpn,2,18
895,likes,2,18
896,gigs,2,18
897,exciting,2,18
898,compromise,2,18
899,janky,2,18
900,clean,2,18
901,internet,2,18
902,checked,2,18
903,felt,2,18
904,solved,2,18
905,80,2,18
906,temperature,2,18
907,sitting,2,18
908,downloaded,2,18
909,comes,2,18
910,17mini,2,18
911,crash,2,18
912,black,2,18
913,multiple,2,18
914,revamp,2,18
915,code,2,18
916,gotta,2,18
917,absolute,2,18
918,noticing,2,18
919,likely,2,18
920,saying,2,18
921,actual,2,18
922,categories,2,18
923,case,2,18
924,1801,2,18
925,unless,2,18
926,push,2,18
927,bothered,2,18
928,rearrange,2,18
929,smaller,2,18
930,stop,2,18
931,cos,2,18
932,replacing,2,18
933,public,2,18
934,cannot,2,18
935,iphones,2,18
936,ruined,2,18
937,dang,2,18
938,disable,2,18
939,tinting,2,18
940,sort,2,18
941,nicer,2,18
942,marketing,2,18
943,sad,2,18
944,cause,2,18
945,reports,2,18
946,19,2,18
947,numbers,2,18
948,import,2,18
949,fields,2,18
950,1password,2,18
951,holy,2,18
952,yall,2,18
953,customizing,2,18
954,rigid,2,18
955,schedule,2,18
956,imessage,2,18
957,fucking,2,18
958,msg,2,18
959,girlfriend,2,18
960,substantial,2,18
961,hey,2,18
962,xr,2,18
963,gonna,2,18
964,rate,2,18
965,image,2,18
966,truly,2,18
967,driving,2,18
968,listening,2,18
969,chats,2,18
970,current,2,18
971,colored,1,18
972,trickier,1,18
973,nowyou,1,18
974,padding,1,18
975,offered,1,18
976,toggles,1,18
977,bundling,1,18
978,together,1,18
979,finding,1,18
980,cards,1,18
981,recognise,1,18
982,cramped,1,18
983,horribly,1,18
984,implemented,1,18
985,messes,1,18
986,spacers,1,18
987,nearly,1,18
988,nervous,1,18
989,breakdown,1,18
990,rectangle,1,18
991,leaving,1,18
992,eh,1,18
993,copy,1,18
994,arranging,1,18
995,clogged,1,18
996,wow,1,18
997,dialing,1,18
998,accurate,1,18
999,easily,1,18
1000,everywhere,1,18
1001,suffered,1,18
1002,freezing,1,18
1003,faced,1,18
1004,eternal,1,18
1005,ftw,1,18
1006,thinks,1,18
1007,passion,1,18
1008,sooooooo,1,18
1009,hiding,1,18
1010,soft,1,18
1011,paywalls,1,18
1012,thrilled,1,18
1013,treated,1,18
1014,apparently,1,18
1015,share,1,18
1016,sheet,1,18
1017,wp,1,18
1018,calculators,1,18
1019,wreck,1,18
1020,prioritize,1,18
1021,important,1,18
1022,buggier,1,18
1023,letters,1,18
1024,keypad,1,18
1025,implementation,1,18
1026,bypass,1,18
1027,terribly,1,18
1028,designed,1,18
1029,hub,1,18
1030,touched,1,18
1031,fiddle,1,18
1032,redesign,1,18
1033,allowed,1,18
1034,bloated,1,18
1035,bs,1,18
1036,generated,1,18
1037,memories,1,18
1038,featured,1,18
1039,highlight,1,18
1040,link,1,18
1041,brill,1,18
1042,laptop,1,18
1043,jokes,1,18
1044,aside,1,18
1045,earth,1,18
1046,deal,1,18
1047,suggestions,1,18
1048,glance,1,18
1049,worms,1,18
1050,turning,1,18
1051,hyped,1,18
1052,talk,1,18
1053,cues,1,18
1054,incredible,1,18
1055,special,1,18
1056,somethings,1,18
1057,mention,1,18
1058,higher,1,18
1059,ehhhh,1,18
1060,lackluster,1,18
1061,customisability,1,18
1062,functions,1,18
1063,obvious,1,18
1064,testing,1,18
1065,functionality,1,18
1066,patiently,1,18
1067,182,1,18
1068,summer,1,18
1069,ditch,1,18
1070,texted,1,18
1071,replied,1,18
1072,scratch,1,18
1073,supports,1,18
1074,restarted,1,18
1075,serious,1,18
1076,mirror,1,18
1077,pair,1,18
1078,mixed,1,18
1079,feelings,1,18
1080,defaults,1,18
1081,strange,1,18
1082,choice,1,18
1083,circles,1,18
1084,preferred,1,18
1085,roundedoff,1,18
1086,squares,1,18
1087,store,1,18
1088,plenty,1,18
1089,overhyped,1,18
1090,terms,1,18
1091,aesthetics,1,18
1092,mentioning,1,18
1093,perspective,1,18
1094,fitting,1,18
1095,covering,1,18
1096,fit,1,18
1097,viewable,1,18
1098,area,1,18
1099,dot,1,18
1100,tasks,1,18
1101,window,1,18
1102,mouse,1,18
1103,paranoid,1,18
1104,quality,1,18
1105,sharp,1,18
1106,provided,1,18
1107,limited,1,18
1108,tolerance,1,18
1109,rows,1,18
1110,darkened,1,18
1111,dying,1,18
1112,neurodivergent,1,18
1113,communicating,1,18
1114,mum,1,18
1115,lives,1,18
1116,spain,1,18
1117,spanglish,1,18
1118,general,1,18
1119,butter,1,18
1120,hood,1,18
1121,immersive,1,18
1122,others,1,18
1123,cooked,1,18
1124,usability,1,18
1125,qa,1,18
1126,possibilites,1,18
1127,icpns,1,18
1128,thr,1,18
1129,typed,1,18
1130,several,1,18
1131,halfbaked,1,18
1132,unpredictable,1,18
1133,adjacent,1,18
1134,buttonwidget,1,18
1135,choppy,1,18
1136,89,1,18
1137,tabs,1,18
1138,responsive,1,18
1139,ooooold,1,18
1140,ridiculously,1,18
1141,navigate,1,18
1142,wanky,1,18
1143,93329glkhjpd1jpegwidth1284formatpjpgautowebps92023d6987f8a90a21e672953edbfc5debc051de,1,18
1144,performs,1,18
1145,messed,1,18
1146,remembering,1,18
1147,per,1,18
1148,rush,1,18
1149,hi,1,18
1150,ngl,1,18
1151,everythings,1,18
1152,seconds,1,18
1153,essential,1,18
1154,educational,1,18
1155,downs,1,18
1156,graphical,1,18
1157,compressed,1,18
1158,subtle,1,18
1159,detail,1,18
1160,volume,1,18
1161,multilingual,1,18
1162,basically,1,18
1163,multilanguage,1,18
1164,underwhelmed,1,18
1165,helpful,1,18
1166,rarely,1,18
1167,biggie,1,18
1168,fantastical,1,18
1169,copied,1,18
1170,uk,1,18
1171,itll,1,18
1172,weve,1,18
1173,proper,1,18
1174,conversion,1,18
1175,utilized,1,18
1176,dropped,1,18
1177,ball,1,18
1178,capabilities,1,18
1179,unpopular,1,18
1180,torn,1,18
1181,youd,1,18
1182,anyway,1,18
1183,encountered,1,18
1184,warmer,1,18
1185,touch,1,18
1186,lang,1,18
1187,eng,1,18
1188,untranslated,1,18
1189,strings,1,18
1190,rest,1,18
1191,countryregion,1,18
1192,rounded,1,18
1193,introduced,1,18
1194,integrated,1,18
1195,decided,1,18
1196,along,1,18
1197,abundance,1,18
1198,titles,1,18
1199,increase,1,18
1200,theyd,1,18
1201,2030,1,18
1202,15pm,1,18
1203,organize,1,18
1204,disappears,1,18
1205,appreciate,1,18
1206,metric,1,18
1207,assload,1,18
1208,flicked,1,18
1209,reach,1,18
1210,reorganized,1,18
1211,fi,1,18
1212,clue,1,18
1213,block,1,18
1214,underwhelming,1,18
1215,advertising,1,18
1216,launch,1,18
1217,daughters,1,18
1218,weirdly,1,18
1219,theming,1,18
1220,matter,1,18
1221,annoyed,1,18
1222,upi,1,18
1223,limitation,1,18
1224,reasoning,1,18
1225,leaves,1,18
1226,customizations,1,18
1227,centeri,1,18
1228,15s,1,18
1229,chips,1,18
1230,chip,1,18
1231,besides,1,18
1232,keeps,1,18
1233,colorful,1,18
1234,trouble,1,18
1235,sending,1,18
1236,nope,1,18
1237,mainly,1,18
1238,reorganization,1,18
1239,potential,1,18
1240,categorization,1,18
1241,extreme,1,18
1242,enhancements,1,18
1243,brazil,1,18
1244,italicize,1,18
1245,words,1,18
1246,unstable,1,18
1247,detailed,1,18
1248,low,1,18
1249,affected,1,18
1250,facing,1,18
1251,skeptical,1,18
1252,decision,1,18
1253,meantime,1,18
1254,fear,1,18
1255,heated,1,18
1256,holding,1,18
1257,messing,1,18
1258,complaint,1,18
1259,vocal,1,18
1260,future,1,18
1261,tweak,1,18
1262,ppl,1,18
1263,advantage,1,18
1264,fullest,1,18
1265,ipads,1,18
1266,pen,1,18
1267,55,1,18
1268,groundbreaking,1,18
1269,complaints,1,18
1270,save,1,18
1271,seemed,1,18
1272,suffer,1,18
1273,instacart,1,18
1274,doordash,1,18
1275,jumping,1,18
1276,maps,1,18
1277,boonies,1,18
1278,cell,1,18
1279,reception,1,18
1280,models,1,18
1281,resulting,1,18
1282,ps,1,18
1283,pissed,1,18
1284,proud,1,18
1285,told,1,18
1286,trending,1,18
1287,towards,1,18
1288,downgraded,1,18
1289,weighing,1,18
1290,suffering,1,18
1291,ear,1,18
1292,speaker,1,18
1293,roaming,1,18
1294,sim,1,18
1295,till,1,18
1296,london,1,18
1297,ouch,1,18
1298,httpspreviewredditfodrxc,1,18
1299,00tepd1jpegwidth234formatpjpgautowebpscf69f0e74fa72a379779113a862b617e41a3f797,1,18
1300,httpspreviewredditavae,1,18
1301,5225tepd1pngwidth179formatpngautowebps589009debb86c0bd7701f7af441650013af3c089,1,18
1302,inapp,1,18
1303,cleaner,1,18
1304,scrubbing,1,18
1305,player,1,18
1306,disaster,1,18
1307,unpause,1,18
1308,perfectly,1,18
1309,follow,1,18
1310,personalise,1,18
1311,positioning,1,18
1312,translate,1,18
1313,screenshot,1,18
1314,jiggle,1,18
1315,4x9n5ewagjpd1jpegwidth1284formatpjpgautowebpsc9d561baf90764889c75352340a64b4f3108682e,1,18
1316,tip,1,18
1317,duplicates,1,18
1318,multipage,1,18
1319,favorites,1,18
1320,heart,1,18
1321,switches,1,18
1322,replicate,1,18
1323,weirdness,1,18
1324,impact,1,18
1325,enhance,1,18
1326,service,1,18
1327,poor,1,18
1328,linked,1,18
1329,goodnotes,1,18
1330,neither,1,18
1331,gn,1,18
1332,autoscroll,1,18
1333,sketchingtyping,1,18
1334,onenote,1,18
1335,desktop,1,18
1336,disabled,1,18
1337,erase,1,18
1338,rushed,1,18
1339,decide,1,18
1340,cartoony,1,18
1341,standby,1,18
1342,clock,1,18
1343,dates,1,18
1344,red,1,18
1345,visuals,1,18
1346,approximately,1,18
1347,placed,1,18
1348,readily,1,18
1349,unpractical,1,18
1350,shuting,1,18
1351,windowsbased,1,18
1352,released,1,18
1353,whilst,1,18
1354,clusterf,1,18
1355,epic,1,18
1356,proportions,1,18
1357,smothly,1,18
1358,competitor,1,18
1359,double,1,18
1360,agent,1,18
1361,couldnt,1,18
1362,job,1,18
1363,introducing,1,18
1364,instability,1,18
1365,learned,1,18
1366,lesson,1,18
1367,confidence,1,18
1368,six,1,18
1369,nine,1,18
1370,health,1,18
1371,track,1,18
1372,sleep,1,18
1373,tracked,1,18
1374,ass,1,18
1375,helllll,1,18
1376,gen,1,18
1377,correct,1,18
1378,dyslexic,1,18
1379,joined,1,18
1380,community,1,18
1381,vent,1,18
1382,experiencing,1,18
1383,files,1,18
1384,horrendous,1,18
1385,echoed,1,18
1386,disappointing,1,18
1387,modern,1,18
1388,era,1,18
1389,shelled,1,18
1390,money,1,18
1391,specifically,1,18
1392,halted,1,18
1393,initial,1,18
1394,consider,1,18
1395,putting,1,18
1396,intentional,1,18
1397,incredibly,1,18
1398,luck,1,18
1399,se,1,18
1400,2016,1,18
1401,aws,1,18
1402,aw,1,18
1403,1st,1,18
1404,sit,1,18
1405,opened,1,18
1406,swiped,1,18
1407,numbingly,1,18
1408,took,1,18
1409,list,1,18
1410,miracle,1,18
1411,jinx,1,18
1412,watches,1,18
1413,ioswatchos,1,18
1414,resetting,1,18
1415,numerous,1,18
1416,assuming,1,18
1417,50,1,18
1418,attempts,1,18
1419,giggles,1,18
1420,cared,1,18
1421,purpously,1,18
1422,dunno,1,18
1423,dial,1,18
1424,modem,1,18
1425,speeds,1,18
1426,somewhere,1,18
1427,8gb,1,18
1428,anywho,1,18
1429,read,1,18
1430,itunes,1,18
1431,pc,1,18
1432,reallt,1,18
1433,whenever,1,18
1434,emoji,1,18
1435,manages,1,18
1436,memoji,1,18
1437,accessibility,1,18
1438,aint,1,18
1439,laborious,1,18
1440,stand,1,18
1441,busiedup,1,18
1442,unneeded,1,18
1443,shrinking,1,18
1444,tough,1,18
1445,pics,1,18
1446,hating,1,18
1447,anser,1,18
1448,thru,1,18
1449,enjoyed,1,18
1450,butcher,1,18
1451,httpspreviewreddito,1,18
1452,3p6vvjqdfpd1pngwidth625formatpngautowebpsd287b90df8cead76c14d014a7ae2063bc0131a0f,1,18
1453,dies,1,18
1454,charges,1,18
1455,owning,1,18
1456,joke,1,18
1457,exandroid,1,18
1458,kindoff,1,18
1459,near,1,18
1460,litterly,1,18
1461,existed,1,18
1462,androide,1,18
1463,simpler,1,18
1464,waaaaaaaaay,1,18
1465,cheaper,1,18
1466,stunnes,1,18
1467,wiping,1,18
1468,restoring,1,18
1469,negative,1,18
1470,backward,1,18
1471,hype,1,18
1472,magsafe,1,18
1473,bugged,1,18
1474,hits,1,18
1475,discharge,1,18
1476,gimmick,1,18
1477,throttles,1,18
1478,saves,1,18
1479,recent,1,18
1480,lacking,1,18
1481,standard,1,18
1482,aspects,1,18
1483,alarmclock,1,18
1484,remain,1,18
1485,arent,1,18
1486,anytime,1,18
1487,coolest,1,18
1488,july,1,18
1489,engineer,1,18
1490,hired,1,18
1491,lead,1,18
1492,safe,1,18
1493,galaxy,1,18
1494,androidity,1,18
1495,yessss,1,18
1496,circle,1,18
1497,reminds,1,18
1498,unlike,1,18
1499,retain,1,18
1500,logo,1,18
1501,green,1,18
1502,customise,1,18
1503,register,1,18
1504,capacity,1,18
1505,bubble,1,18
1506,colorless,1,18
1507,grayscale,1,18
1508,dumbphone,1,18
1509,garmin,1,18
1510,cousins,1,18
1511,samsungs,1,18
1512,dope,1,18
1513,middle,1,18
1514,unobstructed,1,18
1515,plan,1,18
1516,cut,1,18
1517,parts,1,18
1518,tv,1,18
1519,respect,1,18
1520,favorited,1,18
1521,accessories,1,18
1522,customisations,1,18
1523,flip,1,18
1524,60,1,18
1525,fresh,1,18
1526,ifixit,1,18
1527,oooo,1,18
1528,36,1,18
1529,adjustable,1,18
1530,catch,1,18
1531,encrypted,1,18
1532,limitations,1,18
1533,tech,1,18
1534,bait,1,18
1535,shouldve,1,18
1536,defect,1,18
1537,reacts,1,18
1538,brother,1,18
1539,opinions,1,18
1540,gentlemen,1,18
1541,personalising,1,18
1542,week,1,18
1543,profiles,1,18
1544,recordingor,1,18
1545,slightly,1,18
1546,colourful,1,18
1547,party,1,18
1548,french,1,18
1549,english,1,18
1550,troubles,1,18
1551,runs,1,18
1552,cook,1,18
1553,egg,1,18
1554,ahahahahahahah,1,18
1555,wink,1,18
1556,fortunately,1,18
1557,everytime,1,18
1558,function,1,18
1559,wallpapers,1,18
1560,wonder,1,18
1561,versus,1,18
1562,minis,1,18
1563,certainly,1,18
1564,reconsidering,1,18
1565,shut,1,18
1566,yuppp,1,18
1567,glitchy,1,18
1568,status,1,18
1569,active,1,18
1570,disconnected,1,18
1571,caffeine,1,18
1572,daaaamm,1,18
1573,intrigued,1,18
1574,design,1,18
1575,needed,1,18
1576,strangely,1,18
1577,wobble,1,18
1578,level,1,18
1579,starting,1,18
1580,8,1,18
1581,tempting,1,18
1582,username,1,18
1583,aspect,1,18
1584,pointless,1,18
1585,handle,1,18
1586,reality,1,18
1587,gaslighting,1,18
1588,notable,1,18
1589,stopping,1,18
1590,g1,1,18
1591,stability,1,18
1592,considered,1,18
1593,figure,1,18
1594,airplane,1,18
1595,overkill,1,18
1596,appeal,1,18
1597,clutter,1,18
1598,convenience,1,18
1599,androidlike,1,18
1600,grid,1,18
1601,sizes,1,18
1602,details,1,18
1603,scratches,1,18
1604,itch,1,18
1605,superficial,1,18
1606,loooong,1,18
1607,hmmm,1,18
1608,reference,1,18
1609,thishttpsibbcotbwr,1,18
1610,0ns,1,18
1611,centres,1,18
1612,touching,1,18
1613,covers,1,18
1614,song,1,18
1615,plates,1,18
1616,songs,1,18
1617,playlists,1,18
1618,restore,1,18
1619,taking,1,18
1620,yesit,1,18
1621,seamlessly,1,18
1622,tot,1,18
1623,rolled,1,18
1624,hours,1,18
1625,displayed,1,18
1626,oo,1,18
1627,thankfully,1,18
1628,depends,1,18
1629,dislike,1,18
1630,quicker,1,18
1631,dealbreakers,1,18
1632,native,1,18
1633,hold,1,18
1634,table,1,18
1635,house,1,18
1636,65,1,18
1637,degrees,1,18
1638,fahrenheit,1,18
1639,tapbacks,1,18
1640,inputi,1,18
1641,spotify,1,18
1642,late,1,18
1643,bye,1,18
1644,9,1,18
1645,fold,1,18
1646,tomorrow,1,18
1647,hiking,1,18
1648,routes,1,18
1649,map,1,18
1650,living,1,18
1651,20,1,18
1652,everybodys,1,18
1653,performing,1,18
1654,semi,1,18
1655,bitch,1,18
1656,choppiness,1,18
1657,hows,1,18
1658,dream,1,18
1659,pleased,1,18
1660,fence,1,18
1661,wonky,1,18
1662,constant,1,18
1663,nah,1,18
1664,fam,1,18
1665,certain,1,18
1666,rubbish,1,18
1667,city,1,18
1668,winding,1,18
1669,mad,1,18
1670,utter,1,18
1671,random,1,18
1672,giving,1,18
1673,spinning,1,18
1674,wheel,1,18
1675,death,1,18
1676,individual,1,18
1677,upon,1,18
1678,primary,1,18
1679,smoothness,1,18
1680,asked,1,18
1681,yup,1,18
1682,god,1,18
1683,overhaul,1,18
1684,forget,1,18
1685,ew,1,18
1686,brotha,1,18
1687,eeewwwww,1,18
1688,kidding,1,18
1689,disliking,1,18
1690,unintuitive,1,18
1691,downhill,1,18
1692,optimise,1,18
1693,fault,1,18
1694,accuracy,1,18
1695,significantly,1,18
1696,steps,1,18
1697,business,1,18
1698,usual,1,18
1699,manually,1,18
1700,shotguns,1,18
1701,1802,1,18
1702,1718,1,18
1703,wikipedia,1,18
1704,pushed,1,18
1705,httpsenmwikipediaorgwikiios,1,18
1706,_18,1,18
1707,cleanup,1,18
1708,font,1,18
1709,handwriting,1,18
1710,fonts,1,18
1711,human,1,18
1712,freehand,1,18
1713,misleading,1,18
1714,overdue,1,18
1715,hand,1,18
1716,neat,1,18
1717,enjoy,1,18
1718,foldable,1,18
1719,headings,1,18
1720,obsidian,1,18
1721,markdown,1,18
1722,trips,1,18
1723,events,1,18
1724,sub,1,18
1725,niggles,1,18
1726,head,1,18
1727,downright,1,18
1728,fluid,1,18
1729,movement,1,18
1730,gives,1,18
1731,headache,1,18
1732,interested,1,18
1733,kept,1,18
1734,db5,1,18
1735,understood,1,18
1736,official,1,18
1737,lower,1,18
1738,cycle,1,18
1739,platter,1,18
1740,expand,1,18
1741,empty,1,18
1742,space,1,18
1743,cheap,1,18
1744,improve,1,18
1745,watchos,1,18
1746,jump,1,18
1747,minimum,1,18
1748,regrettable,1,18
1749,regrets,1,18
1750,prepared,1,18
1751,exact,1,18
1752,guy,1,18
1753,folks,1,18
1754,22a3354,1,18
1755,hoped,1,18
1756,stable,1,18
1757,specific,1,18
1758,clogging,1,18
1759,miss,1,18
1760,importing,1,18
1761,thumbnail,1,18
1762,loses,1,18
1763,plays,1,18
1764,develop,1,18
1765,wtf,1,18
1766,overheat,1,18
1767,pocket,1,18
1768,singletap,1,18
1769,calling,1,18
1770,call,1,18
1771,history,1,18
1772,replaced,1,18
1773,2022,1,18
1774,proposed,1,18
1775,wasntt,1,18
1776,listed,1,18
1777,twitter,1,18
1778,coloring,1,18
1779,unbelievably,1,18
1780,easy,1,18
1781,confused,1,18
1782,emphasize,1,18
1783,borderline,1,18
1784,impossible,1,18
1785,select,1,18
1786,extensively,1,18
1787,outside,1,18
1788,aboveaverage,1,18
1789,2010s,1,18
1790,differentiates,1,18
1791,duotone,1,18
1792,faces,1,18
1793,complication,1,18
1794,reddits,1,18
1795,apollo,1,18
1796,persist,1,18
1797,tiring,1,18
1798,submitting,1,18
1799,none,1,18
1800,comical,1,18
1801,within,1,18
1802,redesignrevampoverhaul,1,18
1803,frequency,1,18
1804,request,1,18
1805,obviously,1,18
1806,cash,1,18
1807,canada,1,18
1808,glitch,1,18
1809,woah,1,18
1810,prolly,1,18
1811,estimates,1,18
1812,calculations,1,18
1813,customers,1,18
1814,massive,1,18
1815,saver,1,18
1816,bummed,1,18
1817,clunky,1,18
1818,genuinely,1,18
1819,curious,1,18
1820,upset,1,18
1821,created,1,18
1822,collections,1,18
1823,ignore,1,18
1824,collection,1,18
1825,backplates,1,18
1826,locked,1,18
1827,please,1,18
1828,drawer,1,18
1829,european,1,18
1830,straight,1,18
1831,healthcare,1,18
1832,idiot,1,18
1833,taps,1,18
1834,enabledisable,1,18
1835,approved,1,18
1836,mark,1,18
1837,surprised,1,18
1838,information,1,18
1839,guessed,1,18
1840,various,1,18
1841,ignored,1,18
1842,answers,1,18
1843,encryption,1,18
1844,keys,1,18
1845,hopeful,1,18
1846,credit,1,18
1847,card,1,18
1848,ssn,1,18
1849,temporary,1,18
1850,indexed,1,18
1851,wide,1,18
1852,intensity,1,18
1853,nifty,1,18
1854,clumsy,1,18
1855,forced,1,18
1856,introduces,1,18
1857,via,1,18
1858,allows,1,18
1859,emails,1,18
1860,icloudcom,1,18
1861,addresses,1,18
1862,receiving,1,18
1863,subtext,1,18
1864,dealio,1,18
1865,customisation,1,18
1866,httpspreviewredditfh,1,18
1867,9sqwwy9bpd1pngwidth1125formatpngautowebps92f671bfefded4f182090e1dcdd2d7f8ff387932,1,18
1868,unlocked,1,18
1869,continuously,1,18
1870,dog,1,18
1871,wonderful,1,18
1872,focuspomo,1,18
1873,cardhop,1,18
1874,dj,1,18
1875,wild,1,18
1876,lie,1,18
1877,redditors,1,18
1878,girlfriends,1,18
1879,despite,1,18
1880,setting,1,18
1881,varying,1,18
1882,combinations,1,18
1883,carriers,1,18
1884,itd,1,18
1885,launched,1,18
1886,pile,1,18
1887,superfluous,1,18
1888,justified,1,18
1889,stick,1,18
1890,transparent,1,18
1891,spaces,1,18
1892,stack,1,18
1893,badass,1,18
1894,generate,1,18
1895,superlative,1,18
1896,needs,1,18
1897,cancelled,1,18
1898,advanced,1,18
1899,durable,1,18
1900,thinnest,1,18
1901,effective,1,18
1902,excuse,1,18
1903,incremental,1,18
1904,upgrades,1,18
1905,monumental,1,18
1906,keynote,1,18
1907,pretentious,1,18
1908,shoved,1,18
1909,er,1,18
1910,shambles,1,18
1911,transformed,1,18
1912,sounds,1,18
1913,recieve,1,18
1914,wowwww,1,18
1915,thank,1,18
1916,bringing,1,18
1917,attention,1,18
1918,reported,1,18
1919,swiftly,1,18
1920,stripping,1,18
1921,reorder,1,18
1922,recommend,1,18
1923,80100,1,18
1924,90,1,18
1925,sweet,1,18
1926,steve,1,18
1927,rolling,1,18
1928,grave,1,18
1929,androidification,1,18
1930,file,1,18
1931,shows,1,18
1932,searching,1,18
1933,ux,1,18
1934,company,1,18
1935,known,1,18
1936,amount,1,18
1937,menus,1,18
1938,require,1,18
1939,clicks,1,18
1940,shot,1,18
1941,clicked,1,18
1942,fianc,1,18
1943,father,1,18
1944,receipts,1,18
1945,handling,1,18
1946,hotter,1,18
1947,shorter,1,18
1948,fully,1,18
1949,mandatory,1,18
1950,alright,1,18
1951,increased,1,18
1952,alphabetical,1,18
1953,powerful,1,18
1954,rearange,1,18
1955,upgraded,1,18
1956,somebody,1,18
1957,dim,1,18
1958,sun,1,18
1959,saturday,1,18
1960,knew,1,18
1961,avoiding,1,18
1962,ruin,1,18
1963,must,1,18
1964,dude,1,18
1965,rocket,1,18
1966,science,1,18
1967,regret,1,18
1968,ruins,1,18
1969,expecting,1,18
1970,focus,1,18
1971,bunch,1,18
1972,crammed,1,18
1973,replace,1,18
1974,sms,1,18
1975,refresher,1,18
1976,training,1,18
1977,beyond,1,18
1978,basics,1,18
1979,average,1,18
1980,unaware,1,18
1981,slideshow,1,18
1982,zooming,1,18
1983,cropped,1,18
1984,wordsapp,1,18
1985,names,1,18
1986,italics,1,18
1987,airpower,1,18
1988,matt,1,18
1989,transcribing,1,18
1990,voice,1,18
1991,memos,1,18
1992,interview,1,18
1993,recorded,1,18
1994,transcript,1,18
1995,llm,1,18
1996,spit,1,18
1997,summary,1,18
1998,channel,1,18
1999,boat,1,18
2000,16s,1,18
2001,enable,1,18
2002,rsc,1,18
2003,implement,1,18
2004,siris,1,18
2005,lonely,1,18
2006,connect,1,18
2007,clipped,1,18
2008,podcast,1,18
2009,mentioned,1,18
2010,sound,1,18
2011,catchup,1,18
2012,distract,1,18
2013,frivolous,1,18
2014,grown,1,18
2015,optimistic,1,18
2016,admit,1,18
2017,designs,1,18
2018,state,1,18
2019,killed,1,18
2020,citizen,1,18
2021,yaaay,1,18
2022,collapsible,1,18
2023,sections,1,18
2024,overlords,1,18
2025,instagrams,1,18
2026,outline,1,18
2027,coloured,1,18
2028,stood,1,18
2029,sore,1,18
2030,air,1,18
2031,pod,1,18
2032,disconnecting,1,18
2033,randomly,1,18
2034,feet,1,18
2035,64,1,18
2036,gb,1,18
2037,brutal,1,18
2038,breaks,1,18
2039,httpsforumsmacrumorscomthreadsrcssupportedcarriers,1,18
2040,2429980,1,18
2041,threads,1,18
2042,supp,1,18
2043,questions,1,18
2044,tryna,1,18
2045,wfh,1,18
2046,fantastic,1,18
2047,convert,1,18
2048,immediately,1,18
2049,mms,1,18
2050,splits,1,18
2051,starts,1,18
2052,retains,1,18
2053,label,1,18
2054,ends,1,18
2055,newer,1,18
2056,assume,1,18
2057,gripes,1,18
